상권구분_코드,상권구분_명,상권_코드,상권_명,행정동_코드,행정동_코드_명
A,골목상권,3110008,배화여자대학교(박노수미술관),11110515,청운효자동
A,골목상권,3110009,자하문터널,11110550,부암동
A,골목상권,3110010,평창동서측,11110560,평창동
A,골목상권,3110017,정독도서관,11110600,가회동
A,골목상권,3110018,중앙고등학교,11110600,가회동
A,골목상권,3110019,창덕궁,11110615,종로1·2·3·4가동
A,골목상권,3110020,서울국제고등학교,11110650,혜화동
A,골목상권,3110001,이북5도청사,11110560,평창동
A,골목상권,3110002,독립문역 1번,11110570,무악동
A,골목상권,3110003,세검정초등학교,11110550,부암동
A,골목상권,3110004,대신고등학교,11110580,교남동
A,골목상권,3110035,동묘앞역 2번,11110710,숭인2동
A,골목상권,3110011,청운초등학교,11110515,청운효자동
A,골목상권,3110012,성곡미술관,11110530,사직동
A,골목상권,3110013,체부동홍종문가옥,11110530,사직동
A,골목상권,3110014,경복고등학교,11110515,청운효자동
A,골목상권,3110015,청와대사랑채,11110515,청운효자동
A,골목상권,3110016,평창동동측,11110560,평창동
A,골목상권,3110005,세검정,11110550,부암동
A,골목상권,3110006,부암동주민센터,11110550,부암동
A,골목상권,3110007,사직공원(한국사회과학도서관),11110530,사직동
A,골목상권,3110037,신설동역 12번,11110710,숭인2동
A,골목상권,3110038,경향신문사,11140520,소공동
A,골목상권,3110039,회현역 1번,11140540,회현동
A,골목상권,3110021,성균관대학교,11110650,혜화동
A,골목상권,3110022,경신고등학교,11110650,혜화동
A,골목상권,3110023,서울대병원,11110640,이화동
A,골목상권,3110024,혜화동주민센터,11110650,혜화동
A,골목상권,3110025,충신시장옆,11110630,종로5·6가동
A,골목상권,3110026,종로5가역 4번,11110630,종로5·6가동
A,골목상권,3110027,혜화역 1번,11110640,이화동
A,골목상권,3110028,이화달팽이길,11110640,이화동
A,골목상권,3110029,동대문역 1번,11110680,창신2동
A,골목상권,3110030,동대문역 3번,11110670,창신1동
A,골목상권,3110031,창신역 1번,11110690,창신3동
A,골목상권,3110032,수족관거리,11110670,창신1동
A,골목상권,3110033,창신역 4번,11110700,숭인1동
A,골목상권,3110034,창신1동주민센터,11110670,창신1동
A,골목상권,3110057,황학코아루아파트,11140670,황학동
A,골목상권,3110058,성심여자고등학교,11170570,원효로2동
A,골목상권,3110059,새남터성지,11170640,이촌2동
A,골목상권,3110036,동묘앞역 3번,11110710,숭인2동
A,골목상권,3110040,중구회현체육센터(정화예술대남산캠퍼스),11140540,회현동
A,골목상권,3110041,남산케이블카,11140550,명동
A,골목상권,3110042,남산골공원옆,11140570,필동
A,골목상권,3110043,충무초등학교,11140580,장충동
A,골목상권,3110044,관성묘,11140580,장충동
A,골목상권,3110045,동대문역사문화공원역 5번,11140580,장충동
A,골목상권,3110046,버티고개,11140625,다산동
A,골목상권,3110047,다산성곽길,11140625,다산동
A,골목상권,3110048,장충동주민센터,11140580,장충동
A,골목상권,3110049,장충단 고개,11140625,다산동
A,골목상권,3110053,청구역 1번,11140615,신당동
A,골목상권,3110054,청구역 3번,11140645,청구동
A,골목상권,3110055,황학동벼룩시장,11140670,황학동
A,골목상권,3110056,신당역 3번,11140650,신당5동
A,골목상권,3110079,후암동주민센터,11170510,후암동
A,골목상권,3110080,해방촌예술마을,11170510,후암동
A,골목상권,3110081,해방촌 남동측,11170520,용산2가동
A,골목상권,3110050,약수역 7번,11140635,약수동
A,골목상권,3110051,한양공고앞 교차로,11140615,신당동
A,골목상권,3110052,장충초등학교,11140625,다산동
A,골목상권,3110060,효창공원앞역 6번,11170590,용문동
A,골목상권,3110061,효창동주민센터,11170580,효창동
A,골목상권,3110062,한강로동땡땡거리(은행나무길),11170625,한강로동
A,골목상권,3110063,효창공원앞역 5번,11170590,용문동
A,골목상권,3110064,효창공원앞역 2번,11170580,효창동
A,골목상권,3110082,용산구청,11170650,이태원1동
A,골목상권,3110083,서빙고역 1번,11170690,서빙고동
A,골목상권,3110084,경리단길북측,11170660,이태원2동
A,골목상권,3110085,경리단길남측,11170660,이태원2동
A,골목상권,3110086,이태원역 북측,11170650,이태원1동
A,골목상권,3110065,남정초등학교,11170560,원효로1동
A,골목상권,3110066,서울역 15번,11170555,청파동
A,골목상권,3110067,배문고등학교,11170555,청파동
A,골목상권,3110068,남영역 1번,11170560,원효로1동
A,골목상권,3110069,숙대입구,11170555,청파동
A,골목상권,3110070,용산세무서,11170625,한강로동
A,골목상권,3110071,한강미주맨션아파트,11170630,이촌1동
A,골목상권,3110072,열정도,11170560,원효로1동
A,골목상권,3110073,삼각지역 3번,11170625,한강로동
A,골목상권,3110074,서울역 12번,11170530,남영동
A,골목상권,3110075,숙대입구역 1번,11170530,남영동
A,골목상권,3110076,삼각지역 14번,11170625,한강로동
A,골목상권,3110077,삼광초등학교,11170510,후암동
A,골목상권,3110078,이촌동점보아파트,11170630,이촌1동
A,골목상권,3110110,상왕십리역 6번,11200520,왕십리2동
A,골목상권,3110111,대현산장미원,11200580,응봉동
A,골목상권,3110087,이태원엔틱가구거리,11170650,이태원1동
A,골목상권,3110088,오산고등학교,11170690,서빙고동
A,골목상권,3110089,서빙고동주민센터,11170690,서빙고동
A,골목상권,3110090,한국폴리텍대학서울정수캠퍼스,11170700,보광동
A,골목상권,3110091,리움미술관,11170685,한남동
A,골목상권,3110092,NH농협은행 보광동지점,11170700,보광동
A,골목상권,3110093,우사단길,11170685,한남동
A,골목상권,3110094,오산중학교,11170700,보광동
A,골목상권,3110095,한강진역 3번,11170685,한남동
A,골목상권,3110096,한남힐사이드아파트,11170685,한남동
A,골목상권,3110097,한남초등학교,11170685,한남동
A,골목상권,3110098,서울독일학교,11170685,한남동
A,골목상권,3110099,유엔빌리지길,11170685,한남동
A,골목상권,3110100,옥수동우편취급국,11200645,옥수동
A,골목상권,3110101,옥정중학교,11200645,옥수동
A,골목상권,3110102,옥수역 6번,11200645,옥수동
A,골목상권,3110103,옥수터널,11200620,금호4가동
A,골목상권,3110104,신금호역 4번,11200615,금호2·3가동
A,골목상권,3110108,성동구립금호도서관,11200590,금호1가동
A,골목상권,3110109,금호삼성래미안아파트,11200590,금호1가동
A,골목상권,3110129,성원어린이공원,11200660,성수1가2동
A,골목상권,3110130,답십리역 6번,11200790,용답동
A,골목상권,3110131,성수동카페거리,11200670,성수2가1동
A,골목상권,3110132,성수2가3동주민센터,11200690,성수2가3동
A,골목상권,3110136,경수초등학교,11200670,성수2가1동
A,골목상권,3110105,금동어린이공원,11200615,금호2·3가동
A,골목상권,3110106,금북초등학교,11200590,금호1가동
A,골목상권,3110107,금호사거리,11200620,금호4가동
A,골목상권,3110112,행당역 2번,11200560,행당1동
A,골목상권,3110113,응봉산,11200580,응봉동
A,골목상권,3110114,왕십리파출소,11200535,왕십리도선동
A,골목상권,3110133,서울교통공사,11200790,용답동
A,골목상권,3110134,성수119안전센터,11200670,성수2가1동
A,골목상권,3110135,성동세무서,11200720,송정동
A,골목상권,3110115,상왕십리역 3번,11200535,왕십리도선동
A,골목상권,3110116,청계천박물관,11200540,마장동
A,골목상권,3110117,성동구보건소,11200540,마장동
A,골목상권,3110118,왕십리역 9번,11200560,행당1동
A,골목상권,3110119,마장지하차도,11200540,마장동
A,골목상권,3110120,서울숲카페거리,11200660,성수1가2동
A,골목상권,3110121,한양대역 4번,11200550,사근동
A,골목상권,3110122,마장역 2번,11200540,마장동
A,골목상권,3110123,마장역 3번,11200540,마장동
A,골목상권,3110124,뚝섬역교차로,11200660,성수1가2동
A,골목상권,3110125,사근동살곶이상점가,11200550,사근동
A,골목상권,3110126,서울숲역 1번,11200650,성수1가1동
A,골목상권,3110127,성수1가1동주민센터,11200650,성수1가1동
A,골목상권,3110128,성원중학교,11200650,성수1가1동
A,골목상권,3110157,자양동우체국,11215830,자양2동
A,골목상권,3110158,중곡3동주민센터,11215760,중곡3동
A,골목상권,3110159,구의역 4번,11215820,자양1동
A,골목상권,3110160,광진경찰서,11215850,구의1동
A,골목상권,3110137,성수초등학교,11200690,성수2가3동
A,골목상권,3110138,송정체육공원,11200720,송정동
A,골목상권,3110139,자양4동주민센터,11215847,자양4동
A,골목상권,3110140,건대입구역 6번,11215847,자양4동
A,골목상권,3110141,건대입구역 1번,11215710,화양동
A,골목상권,3110142,화양사거리,11215710,화양동
A,골목상권,3110144,어린이대공원역 4번,11215710,화양동
A,골목상권,3110145,장안초등학교,11215730,군자동
A,골목상권,3110146,신자초등학교,11215840,자양3동
A,골목상권,3110147,능동우편취급국,11215730,군자동
A,골목상권,3110148,어린이대공원역 3번,11215710,화양동
A,골목상권,3110149,세종대학교,11215730,군자동
A,골목상권,3110150,중곡1동 마을마당,11215740,중곡1동
A,골목상권,3110151,자양한강도서관,11215830,자양2동
A,골목상권,3110152,중곡어린이공원,11215740,중곡1동
A,골목상권,3110153,중곡1동주민센터,11215740,중곡1동
A,골목상권,3110156,군자역 5번,11215780,능동
A,골목상권,3110174,아차산역 1번,11215770,중곡4동
A,골목상권,3110175,푸른동산공원,11215870,구의3동
A,골목상권,3110178,장로회신학대학교,11215810,광장동
A,골목상권,3110179,광나루역 1번,11215810,광장동
A,골목상권,3110154,광진정말공원,11215820,자양1동
A,골목상권,3110155,광진구청,11215820,자양1동
A,골목상권,3110161,중곡역 3번,11215760,중곡3동
A,골목상권,3110162,군자역 4번,11215750,중곡2동
A,골목상권,3110143,뚝섬유원지역 1번,11215840,자양3동
A,골목상권,3110176,해오름공원,11215770,중곡4동
A,골목상권,3110177,동의초등학교,11215860,구의2동
A,골목상권,3110163,성자초등학교,11215830,자양2동
A,골목상권,3110164,아차산역 5번,11215780,능동
A,골목상권,3110165,국립정신건강센터,11215750,중곡2동
A,골목상권,3110166,구의1동주민센터,11215850,구의1동
A,골목상권,3110167,용마초등학교,11215750,중곡2동
A,골목상권,3110168,대원고등학교,11215770,중곡4동
A,골목상권,3110169,성동초등학교,11215830,자양2동
A,골목상권,3110170,동대부여고,11215850,구의1동
A,골목상권,3110171,중곡4동주민센터,11215770,중곡4동
A,골목상권,3110172,광진초등학교,11215860,구의2동
A,골목상권,3110173,구남초등학교,11215870,구의3동
A,골목상권,3110180,광진정보도서관,11215810,광장동
A,골목상권,3110181,신설동역 9번,11230536,용신동
A,골목상권,3110182,용두희망어린이공원,11230536,용신동
A,골목상권,3110183,한국의류시험연구원,11230536,용신동
A,골목상권,3110206,텃골근린공원,11230560,전농1동
A,골목상권,3110207,시립대앞사거리,11230560,전농1동
A,골목상권,3110208,시조사삼거리,11230710,회기동
A,골목상권,3110209,답십리 장령당공원,11230600,답십리1동
A,골목상권,3110184,용두사거리,11230536,용신동
A,골목상권,3110185,용두초등학교,11230536,용신동
A,골목상권,3110186,종암초등학교,11230545,제기동
A,골목상권,3110187,제기동역 6번,11230536,용신동
A,골목상권,3110188,용두동신동아아파트,11230536,용신동
A,골목상권,3110189,제기동역 1번,11230545,제기동
A,골목상권,3110190,고대앞사거리,11230545,제기동
A,골목상권,3110195,동대문구청,11230536,용신동
A,골목상권,3110196,홍릉근린공원,11230705,청량리동
A,골목상권,3110197,세종대왕기념관교차로,11230705,청량리동
A,골목상권,3110198,동대문중앙새마을금고본점,11230545,제기동
A,골목상권,3110199,홍릉시장,11230545,제기동
A,골목상권,3110200,동대문경찰서,11230705,청량리동
A,골목상권,3110201,전농119안전센터,11230560,전농1동
A,골목상권,3110202,전농1동주민센터(전농시장),11230560,전농1동
A,골목상권,3110203,떡전교사거리,11230705,청량리동
A,골목상권,3110191,고려대역 6번,11230545,제기동
A,골목상권,3110192,동의보감타워,11230536,용신동
A,골목상권,3110193,고려대역 4번,11230545,제기동
A,골목상권,3110194,홍파초등학교,11230545,제기동
A,골목상권,3110204,간데메공원,11230600,답십리1동
A,골목상권,3110205,경희대삼거리,11230710,회기동
A,골목상권,3110228,장안근린공원,11230660,장안2동
A,골목상권,3110229,장평중학교,11230650,장안1동
A,골목상권,3110230,장안현대홈타운1차아파트,11230660,장안2동
A,골목상권,3110231,장안교,11230660,장안2동
A,골목상권,3110232,동대부고,11230660,장안2동
A,골목상권,3110223,군자초등학교,11230650,장안1동
A,골목상권,3110224,외대앞역 2번,11230720,휘경1동
A,골목상권,3110225,촬영소사거리,11230610,답십리2동
A,골목상권,3110210,서울시립대,11230560,전농1동
A,골목상권,3110211,전곡마을마당공원,11230560,전농1동
A,골목상권,3110212,답십리초등학교,11230600,답십리1동
A,골목상권,3110213,청량초등학교,11230740,이문1동
A,골목상권,3110214,경희대후문,11230740,이문1동
A,골목상권,3110215,회기역 1번,11230720,휘경1동
A,골목상권,3110216,전농중학교,11230570,전농2동
A,골목상권,3110217,자동차부품상가,11230610,답십리2동
A,골목상권,3110218,답십리사거리,11230610,답십리2동
A,골목상권,3110219,삼육보건대학교,11230730,휘경2동
A,골목상권,3110220,외대앞역 1번,11230740,이문1동
A,골목상권,3110221,의릉,11290810,석관동
A,골목상권,3110222,회기역 2번,11230720,휘경1동
A,골목상권,3110226,장안1동주민센터,11230650,장안1동
A,골목상권,3110227,답십리공원,11230610,답십리2동
A,골목상권,3110254,오거리공원,11260570,면목7동
A,골목상권,3110255,상봉역 4번,11260590,상봉2동
A,골목상권,3110233,중랑역 1번,11260610,중화2동
A,골목상권,3110234,중랑역 4번,11260610,중화2동
A,골목상권,3110235,세화어린이공원,11260610,중화2동
A,골목상권,3110236,신묵초등학교,11260630,묵2동
A,골목상권,3110237,메가박스 상봉,11260520,면목2동
A,골목상권,3110238,배꽃어린이공원,11260610,중화2동
A,골목상권,3110239,중랑역 2번,11260610,중화2동
A,골목상권,3110243,중랑노인종합복지관,11260520,면목2동
A,골목상권,3110244,중화역 4번,11260610,중화2동
A,골목상권,3110245,KB국민은행 중화동지점,11260610,중화2동
A,골목상권,3110246,월드순복음교회,11260590,상봉2동
A,골목상권,3110247,먹골역 1번,11260620,묵1동
A,골목상권,3110248,먹골파출소,11260620,묵1동
A,골목상권,3110249,중화역 1번,11260600,중화1동
A,골목상권,3110250,화랑대역 7번,11260620,묵1동
A,골목상권,3110240,태릉시장 특화거리,11260610,중화2동
A,골목상권,3110241,먹골역 5번,11260630,묵2동
A,골목상권,3110242,면목5동주민센터,11260550,면목5동
A,골목상권,3110251,장안중학교,11260600,중화1동
A,골목상권,3110252,장안제일시장,11260550,면목5동
A,골목상권,3110253,중곡초등학교,11260540,면목4동
A,골목상권,3110277,러스크서울병원,11260655,망우본동
A,골목상권,3110278,망우본동주민센터,11260655,망우본동
A,골목상권,3110272,신내1동주민센터,11260680,신내1동
A,골목상권,3110273,장스여성병원,11260680,신내1동
A,골목상권,3110256,면목2동체육관,11260520,면목2동
A,골목상권,3110257,상봉역 7번,11260580,상봉1동
A,골목상권,3110258,면동초등학교,11260565,면목본동
A,골목상권,3110259,사가정역 1번,11260575,면목3·8동
A,골목상권,3110260,면목역 3번,11260565,면목본동
A,골목상권,3110261,사가정역 4번,11260570,면목7동
A,골목상권,3110262,상봉역 3번,11260590,상봉2동
A,골목상권,3110263,면목역 1번,11260565,면목본동
A,골목상권,3110264,면목역 2번,11260565,면목본동
A,골목상권,3110265,망우역 1번,11260580,상봉1동
A,골목상권,3110266,면목동우체국,11260575,면목3·8동
A,골목상권,3110267,망우역 2번,11260580,상봉1동
A,골목상권,3110268,망우3동주민센터,11260660,망우3동
A,골목상권,3110269,용마문화복지센터,11260575,면목3·8동
A,골목상권,3110270,혜원여고,11260660,망우3동
A,골목상권,3110271,신내역 1번,11260680,신내1동
A,골목상권,3110274,서일대학교,11260575,면목3·8동
A,골목상권,3110275,하나은행 망우동지점,11260655,망우본동
A,골목상권,3110276,신내IC북측,11260680,신내1동
A,골목상권,3110320,KB국민은행 종암동지점,11290705,종암동
A,골목상권,3110321,동덕여대,11290715,월곡1동
A,골목상권,3110322,장위1동주민센터,11290760,장위1동
A,골목상권,3110323,상월곡역 1번,11290725,월곡2동
A,골목상권,3110279,신내역 2번,11260680,신내1동
A,골목상권,3110280,북정마을,11290525,성북동
A,골목상권,3110281,길상사,11290525,성북동
A,골목상권,3110282,국민대학교앞,11290640,정릉3동
A,골목상권,3110283,성북초등학교앞,11290525,성북동
A,골목상권,3110284,정릉북한산국립공원입구,11290650,정릉4동
A,골목상권,3110285,홍대부중,11290525,성북동
A,골목상권,3110286,한성대입구역 5번,11290525,성북동
A,골목상권,3110287,정릉3동주민센터,11290640,정릉3동
A,골목상권,3110288,동구여중,11290525,성북동
A,골목상권,3110289,북한산보국문역 2번,11290640,정릉3동
A,골목상권,3110290,북한산보국문역 1번,11290650,정릉4동
A,골목상권,3110298,솔숲어린이공원,11290620,정릉1동
A,골목상권,3110299,정릉역 1번,11290620,정릉1동
A,골목상권,3110300,삼선동주민센터,11290600,안암동
A,골목상권,3110301,성신여대입구역 7번,11290575,동선동
A,골목상권,3110302,보문역 8번,11290610,보문동
A,골목상권,3110303,성신여대입구역 1번,11290575,동선동
A,골목상권,3110304,보문역 4번,11290600,안암동
A,골목상권,3110305,보문역 5번,11290600,안암동
A,골목상권,3110306,미아초등학교,11290660,길음1동
A,골목상권,3110307,길음역 7번,11290660,길음1동
A,골목상권,3110308,길음역 8번,11290685,길음2동
A,골목상권,3110309,대광초등학교,11290600,안암동
A,골목상권,3110291,한성대입구역 3번,11290555,삼선동
A,골목상권,3110292,정릉역 2번,11290630,정릉2동
A,골목상권,3110293,삼선중학교,11290525,성북동
A,골목상권,3110294,서경대학교,11290650,정릉4동
A,골목상권,3110295,정릉우체국,11290630,정릉2동
A,골목상권,3110296,성신여대입구역 4번,11290575,동선동
A,골목상권,3110297,경동고등학교,11290555,삼선동
A,골목상권,3110310,길음역 10번,11290685,길음2동
A,골목상권,3110311,종암아이파크2차후문,11290705,종암동
A,골목상권,3110312,안암역 2번,11290600,안암동
A,골목상권,3110313,안암역 3번,11290600,안암동
A,골목상권,3110314,종암경찰서,11290705,종암동
A,골목상권,3110315,종암아이파크2차,11290705,종암동
A,골목상권,3110316,숭곡초등학교,11290715,월곡1동
A,골목상권,3110317,종암중학교,11290705,종암동
A,골목상권,3110318,KT월곡지사,11290715,월곡1동
A,골목상권,3110319,종암동주민센터,11290705,종암동
A,골목상권,3110353,수유동우체국,11305625,수유2동
A,골목상권,3110354,삼각산119안전센터,11305575,삼각산동
A,골목상권,3110347,구세군강북종합사회복지관,11305534,삼양동
A,골목상권,3110348,강북문화예술회관,11305660,인수동
A,골목상권,3110349,화계역 2번,11305615,수유1동
A,골목상권,3110324,월곡역 4번,11290725,월곡2동
A,골목상권,3110325,장곡초등학교,11290760,장위1동
A,골목상권,3110326,장위동성당,11290760,장위1동
A,골목상권,3110327,상월곡역 2번,11290770,장위2동
A,골목상권,3110328,상월곡역 3번,11290810,석관동
A,골목상권,3110329,우리은행체육관,11290770,장위2동
A,골목상권,3110330,돌곶이역 1번,11290770,장위2동
A,골목상권,3110331,돌곶이역 8번,11290810,석관동
A,골목상권,3110332,돌곶이역 3번,11290770,장위2동
A,골목상권,3110333,돌곶이역 5번,11290810,석관동
A,골목상권,3110334,석관중앙교회,11290810,석관동
A,골목상권,3110335,석계역 7번,11290810,석관동
A,골목상권,3110336,석관고등학교,11290810,석관동
A,골목상권,3110337,아카데미하우스,11305660,인수동
A,골목상권,3110338,인수초등학교,11305660,인수동
A,골목상권,3110339,국립4.19민주묘지,11305645,우이동
A,골목상권,3110340,인수중학교,11305660,인수동
A,골목상권,3110341,북한산우이역 2번,11305645,우이동
A,골목상권,3110342,국립재활원,11305660,인수동
A,골목상권,3110343,무너미어린이공원,11305645,우이동
A,골목상권,3110344,화계중학교,11305615,수유1동
A,골목상권,3110366,광산사거리,11305635,수유3동
A,골목상권,3110345,솔밭공원역 2번,11305645,우이동
A,골목상권,3110346,4.19민주묘지역 2번,11305645,우이동
A,골목상권,3110350,가오리역 2번,11305660,인수동
A,골목상권,3110351,수유북부시장옆,11305660,인수동
A,골목상권,3110352,수유1동주민센터,11305615,수유1동
A,골목상권,3110371,삼양입구사거리,11305555,송천동
A,골목상권,3110372,강북중학교,11305635,수유3동
A,골목상권,3110355,삼양사거리역 2번,11305534,삼양동
A,골목상권,3110356,덕수교,11305625,수유2동
A,골목상권,3110357,가오리역 1번,11305625,수유2동
A,골목상권,3110360,수유초등학교,11305615,수유1동
A,골목상권,3110361,삼양사거리역 1번,11305555,송천동
A,골목상권,3110362,우이천 계성교,11305625,수유2동
A,골목상권,3110363,송천동주민센터,11305555,송천동
A,골목상권,3110364,미아역 8번,11305535,미아동
A,골목상권,3110365,미아역 5번,11305535,미아동
A,골목상권,3110358,인수동 우편취급국,11305635,수유3동
A,골목상권,3110359,수유시장옆,11305635,수유3동
A,골목상권,3110367,강북구청,11305635,수유3동
A,골목상권,3110368,송천초등학교,11305555,송천동
A,골목상권,3110369,성신여대운정그린캠퍼스,11305535,미아동
A,골목상권,3110370,도봉세무서,11305555,송천동
A,골목상권,3110396,쌍문역1번(쌍리단길),11320511,창1동
A,골목상권,3110397,도봉산입구,11320521,도봉1동
A,골목상권,3110398,쌍문2동우체국,11320670,쌍문2동
A,골목상권,3110399,창2동주민센터,11320512,창2동
A,골목상권,3110390,방학초등학교,11320700,방학2동
A,골목상권,3110391,샘말어린이공원,11320700,방학2동
A,골목상권,3110392,발바닥공원,11320681,쌍문4동
A,골목상권,3110393,국민은행방학지점,11320710,방학3동
A,골목상권,3110373,수유역 2번,11305595,번1동
A,골목상권,3110374,송중초등학교,11305545,송중동
A,골목상권,3110375,서울북부고용노동지청,11305603,번2동
A,골목상권,3110376,수송초등학교,11305595,번1동
A,골목상권,3110377,미아사거리역 3번,11305545,송중동
A,골목상권,3110378,송중동주민센터,11305545,송중동
A,골목상권,3110379,KT&G 북부지사,11305595,번1동
A,골목상권,3110380,강북문화정보도서관,11305603,번2동
A,골목상권,3110381,번동주공2단지,11305608,번3동
A,골목상권,3110382,솔밭공원역 1번,11320660,쌍문1동
A,골목상권,3110383,덕성여대시반거리,11320660,쌍문1동
A,골목상권,3110384,문이교,11320660,쌍문1동
A,골목상권,3110780,신길대성유니드아파트,11560670,신길5동
A,골목상권,3110781,대림한신아파트,11560700,대림1동
A,골목상권,3110782,영등포시장역 4번,11560535,영등포동
A,골목상권,3110783,영등포시장역 1번,11560535,영등포동
A,골목상권,3110385,효문고등학교,11320660,쌍문1동
A,골목상권,3110386,연산군묘,11320710,방학3동
A,골목상권,3110387,쌍문초등학교,11320660,쌍문1동
A,골목상권,3110388,도봉우체국,11320680,쌍문3동
A,골목상권,3110389,한일병원,11320680,쌍문3동
A,골목상권,3110394,방학중학교,11320700,방학2동
A,골목상권,3110395,신한은행 방학동지점,11320690,방학1동
A,골목상권,3110430,중계초등학교,11350624,중계4동
A,골목상권,3110431,상계역,11350624,중계4동
A,골목상권,3110480,연신내역 3번,11380520,불광1동
A,골목상권,3110481,불광역 7번,11380570,대조동
A,골목상권,3110455,역촌노인복지관,11380625,역촌동
A,골목상권,3110456,구산보건지소,11380560,구산동
A,골목상권,3110457,예일여고,11380560,구산동
A,골목상권,3110505,홍남교남측,11410615,연희동
A,골목상권,3110506,연희임광아파트,11410615,연희동
A,골목상권,3110483,연천초등학교,11380520,불광1동
A,골목상권,3110484,역촌역 3번,11380510,녹번동
A,골목상권,3110470,신진과학기술고등학교,11380580,응암1동
A,골목상권,3110471,응암동우체국,11380590,응암2동
A,골목상권,3110517,서대문소방서,11410615,연희동
A,골목상권,3110518,서대문구청,11410615,연희동
A,골목상권,3110491,불광중학교,11380530,불광2동
A,골목상권,3110492,하나고등학교,11380690,진관동
A,골목상권,3110493,북가좌초등학교,11410710,북가좌1동
A,골목상권,3110507,명지대학교,11410685,홍은2동
A,골목상권,3110508,서연중학교,11410615,연희동
A,골목상권,3110534,경기대학교,11410565,충현동
A,골목상권,3110535,영천시장입구,11410520,천연동
A,골목상권,3110519,서대문구보건소별관,11410620,홍제1동
A,골목상권,3110520,경의중앙 신촌역,11410585,신촌동
A,골목상권,3110566,경의선책거리,11440660,서교동
A,골목상권,3110542,마포구청역 7번,11440700,망원2동
A,골목상권,3110543,중암중학교,11440730,성산2동
A,골목상권,3110544,망리단길,11440690,망원1동
A,골목상권,3110545,마포구청역 1번,11440730,성산2동
A,골목상권,3110584,아현역 4번,11440555,아현동
A,골목상권,3110553,가좌역 2번,11440730,성산2동
A,골목상권,3110554,망원역 1번,11440660,서교동
A,골목상권,3110555,홍익지구대,11440660,서교동
A,골목상권,3110580,양원초등학교,11440600,대흥동
A,골목상권,3110581,염리초등학교,11440590,용강동
A,골목상권,3110582,이대역 5번,11440610,염리동
A,골목상권,3110583,공덕래미안3차아파트,11440555,아현동
A,골목상권,3110567,광흥창역 6번,11440655,서강동
A,골목상권,3110568,광흥창역 1번,11440655,서강동
A,골목상권,3110421,석계역 1번,11350560,월계1동
A,골목상권,3110422,노원역 9번,11350720,상계10동
A,골목상권,3110585,마포경찰서,11440555,아현동
A,골목상권,3110586,서울서부지방법원,11440565,공덕동
A,골목상권,3110587,공덕동주민센터,11440565,공덕동
A,골목상권,3110447,구산초등학교,11380560,구산동
A,골목상권,3110448,상신초등학교입구,11380632,신사2동
A,골목상권,3110409,창동역 2번,11320515,창5동
A,골목상권,3110410,방학역 2번,11320690,방학1동
A,골목상권,3110411,도봉역 3번,11320522,도봉2동
A,골목상권,3110412,창동중학교,11320514,창4동
A,골목상권,3110436,상계제일중학교,11350624,중계4동
A,골목상권,3110437,당고개역 2번,11350665,상계3·4동
A,골목상권,3110438,경춘선숲길 우측,11350600,공릉2동
A,골목상권,3110423,석계역 2번,11350560,월계1동
A,골목상권,3110472,연신내역 4번,11380570,대조동
A,골목상권,3110473,구산역 1번,11380570,대조동
A,골목상권,3110449,증산역 3번,11380640,증산동
A,골목상권,3110494,증산3교남측,11410710,북가좌1동
A,골목상권,3110495,북가좌2동주민센터,11410720,북가좌2동
A,골목상권,3110560,마포FM,11440710,연남동
A,골목상권,3110561,상수역 4번,11440655,서강동
A,골목상권,3111078,굽은다리역 4번,11740685,길동
A,골목상권,3110485,연신내우체국,11380530,불광2동
A,골목상권,3110486,은평구청,11380510,녹번동
A,골목상권,3110487,불광역 8번,11380520,불광1동
A,골목상권,3110521,홍제역 4번,11410620,홍제1동
A,골목상권,3110522,홍제역 3번,11410620,홍제1동
A,골목상권,3110523,홍제성원아파트,11410620,홍제1동
A,골목상권,3110524,연희세브란스병원,11410585,신촌동
A,골목상권,3110496,모래내우체국,11410720,북가좌2동
A,골목상권,3110546,양화대교북단,11440680,합정동
A,골목상권,3110547,KB국민은행 망원동지점,11440700,망원2동
A,골목상권,3110458,선일여고,11380552,갈현2동
A,골목상권,3110459,응암역 2번,11380631,신사1동
A,골목상권,3110460,구산역 4번,11380552,갈현2동
A,골목상권,3110536,돈의문센트레빌아파트입구,11410565,충현동
A,골목상권,3110537,충정로현대아파트,11410565,충현동
A,골목상권,3110538,충정로역 3번,11410565,충현동
A,골목상권,3110539,미근동,11410565,충현동
A,골목상권,3110525,홍은종합사회복지관,11410660,홍은1동
A,골목상권,3110569,홍대땡땡거리,11440655,서강동
A,골목상권,3110570,KB국민은행 서강지점,11440630,신수동
A,골목상권,3110548,마포구청역 4번,11440720,성산1동
A,골목상권,3110400,도봉구보건소,11320670,쌍문2동
A,골목상권,3110401,도봉구민회관,11320515,창5동
A,골목상권,3110414,장석교회,11350560,월계1동
A,골목상권,3110415,수락산역 4번,11350630,상계1동
A,골목상권,3110461,새절역 2번,11380600,응암3동
A,골목상권,3110588,한겨레신문사,11440565,공덕동
A,골목상권,3110589,애오개역 3번,11440565,공덕동
A,골목상권,3110571,신수동주민센터,11440630,신수동
A,골목상권,3110572,서강대역 1번,11440630,신수동
A,골목상권,3110424,상계초등학교,11350640,상계2동
A,골목상권,3110402,도봉구 정병원,11320690,방학1동
A,골목상권,3110403,방학1동주민센터,11320690,방학1동
A,골목상권,3110404,신창초등학교,11320513,창3동
A,골목상권,3110450,시립서북병원,11380560,구산동
A,골목상권,3111084,길동신동아아파트,11740685,길동
A,골목상권,3111085,묘곡초등학교(고덕아이파크아파트),11740550,고덕1동
A,골목상권,3111086,한영중고,11740540,명일2동
A,골목상권,3111087,고덕중학교(고덕2동주민센터),11740560,고덕2동
A,골목상권,3111088,고덕동성당,11740560,고덕2동
A,골목상권,3110439,당고개역 5번,11350665,상계3·4동
A,골목상권,3110440,상계3동4동주민센터,11350665,상계3·4동
A,골목상권,3110441,영신여고,11350619,중계본동
A,골목상권,3110442,화랑대철도공원,11350600,공릉2동
A,골목상권,3110425,계상초등학교,11350670,상계5동
A,골목상권,3110474,세명컴퓨터고등학교,11380530,불광2동
A,골목상권,3110451,증산역 4번,11380640,증산동
A,골목상권,3110497,가좌역 3번,11410690,남가좌1동
A,골목상권,3110509,연희대우아파트앞,11410585,신촌동
A,골목상권,3110510,홍연시장,11410615,연희동
A,골목상권,3110556,절두산순교성지,11440680,합정동
A,골목상권,3110488,우리은행응암동지점,11380580,응암1동
A,골목상권,3110489,불광역 3번,11380510,녹번동
A,골목상권,3110490,녹번동근린공원,11380510,녹번동
A,골목상권,3110475,백련산해모로아파트,11380580,응암1동
A,골목상권,3110476,역촌역 2번,11380570,대조동
A,골목상권,3110526,봉원사,11410585,신촌동
A,골목상권,3110498,증산역 1번,11410720,북가좌2동
A,골목상권,3110499,연가초등학교,11410720,북가좌2동
A,골목상권,3110500,남가좌동현대아파트,11410700,남가좌2동
A,골목상권,3110462,갈현건영아파트,11380551,갈현1동
A,골목상권,3110463,응암3동주민센터,11380600,응암3동
A,골목상권,3110464,연신내역 5번,11380552,갈현2동
A,골목상권,3110540,망원나들목체육관,11440690,망원1동
A,골목상권,3110541,동교초등학교,11440700,망원2동
A,골목상권,3110527,홍제역 2번,11410640,홍제3동
A,골목상권,3110528,서울여자간호대학교,11410640,홍제3동
A,골목상권,3110573,신촌역 6번,11440600,대흥동
A,골목상권,3110574,서강대학교,11440600,대흥동
A,골목상권,3110549,새터산,11440730,성산2동
A,골목상권,3110550,합정역 8번,11440680,합정동
A,골목상권,3111079,둔촌고등학교(둔촌중학교),11740700,둔촌2동
A,골목상권,3111080,굽은다리역 3번,11740530,명일1동
A,골목상권,3111081,둔촌푸르지오아파트,11740700,둔촌2동
A,골목상권,3111082,중앙보훈병원,11740700,둔촌2동
A,골목상권,3111083,GS강동자이아파트,11740685,길동
A,골목상권,3110593,신월3동주민센터,11470580,신월3동
A,골목상권,3110594,신월중학교,11470600,신월5동
A,골목상권,3110595,메디힐병원,11470600,신월5동
A,골목상권,3110443,수색역 1번,11380650,수색동
A,골목상권,3110575,대흥동주민센터,11440600,대흥동
A,골목상권,3110576,대흥역 3번,11440600,대흥동
A,골목상권,3110426,상계2동주민센터,11350640,상계2동
A,골목상권,3110405,방학역 1번,11320690,방학1동
A,골목상권,3110452,새절역 3번,11380632,신사2동
A,골목상권,3110557,홍대부속여중고앞,11440660,서교동
A,골목상권,3110558,경성고등학교,11440720,성산1동
A,골목상권,3110559,성산중학교,11440680,합정동
A,골목상권,3110413,누원고등학교,11320522,도봉2동
A,골목상권,3110444,수색성당,11380640,증산동
A,골목상권,3110445,덕산중학교,11380631,신사1동
A,골목상권,3110446,내를건너서숲으로도서관,11380632,신사2동
A,골목상권,3110427,노원 을지대학교병원,11350611,하계1동
A,골목상권,3110428,상계5동주민센터,11350670,상계5동
A,골목상권,3110477,은평세무서,11380510,녹번동
A,골목상권,3110478,응암1동주민센터,11380580,응암1동
A,골목상권,3110453,신사1동주민센터,11380631,신사1동
A,골목상권,3110454,선정중학교,11380552,갈현2동
A,골목상권,3110511,연희초등학교,11410615,연희동
A,골목상권,3110512,연희지하차도,11410615,연희동
A,골목상권,3110513,연희파출소,11410615,연희동
A,골목상권,3110515,홍은중학교,11410685,홍은2동
A,골목상권,3110516,정원여중,11410685,홍은2동
A,골목상권,3110564,홍대입구역 3번,11440660,서교동
A,골목상권,3110479,연신내역 2번,11380530,불광2동
A,골목상권,3110529,홍제3동주민센터,11410640,홍제3동
A,골목상권,3110501,연희어린이공원,11410615,연희동
A,골목상권,3110502,남가좌파출소,11410700,남가좌2동
A,골목상권,3110503,명지대학교교회,11410700,남가좌2동
A,골목상권,3110504,명지전문대,11410685,홍은2동
A,골목상권,3110482,연신초등학교,11380530,불광2동
A,골목상권,3110532,아현역 2번,11410555,북아현동
A,골목상권,3110533,충정로역 7번,11410555,북아현동
A,골목상권,3110565,홍익대,11440655,서강동
A,골목상권,3110419,수락산디자인거리,11350630,상계1동
A,골목상권,3110530,아현역 1번,11410555,북아현동
A,골목상권,3110531,홍지문,11110550,부암동
A,골목상권,3110577,용강동주민센터,11440590,용강동
A,골목상권,3110578,대흥역 2번,11440610,염리동
A,골목상권,3110551,성서초등학교,11440720,성산1동
A,골목상권,3110552,성미산체육관,11440720,성산1동
A,골목상권,3110590,만리재,11440565,공덕동
A,골목상권,3110591,충정로역 6번,11140680,중림동
A,골목상권,3110592,서울금융고등학교,11470580,신월3동
A,골목상권,3110420,광운대역 1번,11350560,월계1동
A,골목상권,3110468,응암역 3번,11380625,역촌동
A,골목상권,3110469,응암정보도서관,11380600,응암3동
A,골목상권,3110579,마포역 4번,11440585,도화동
A,골목상권,3110429,공릉동 국수거리,11350595,공릉1동
A,골목상권,3110406,도봉산역 1번,11320521,도봉1동
A,골목상권,3110407,도봉역 2번,11320521,도봉1동
A,골목상권,3110408,가인초등학교,11320515,창5동
A,골목상권,3110432,대진고등학교,11350611,하계1동
A,골목상권,3110433,공릉역 2번,11350595,공릉1동
A,골목상권,3110434,태릉입구역 4번,11350595,공릉1동
A,골목상권,3110435,서울과학기술대,11350600,공릉2동
A,골목상권,3110692,큰굴다리,11530740,개봉1동
A,골목상권,3110693,오류동역 4번,11530770,오류1동
A,골목상권,3110694,세곡초등학교,11530730,고척2동
A,골목상권,3110695,개봉1동주민센터,11530730,고척2동
A,골목상권,3110696,오류동역 1번,11530750,개봉2동
A,골목상권,3110663,우장산롯데캐슬아파트앞,11500591,화곡6동
A,골목상권,3110664,강서구청옆,11500591,화곡6동
A,골목상권,3110665,곰달래도서관,11500550,화곡2동
A,골목상권,3110666,KC대학교,11500591,화곡6동
A,골목상권,3110667,가양역 10번,11500535,등촌3동
A,골목상권,3110749,금산초등학교(금천고등학교),11545690,시흥3동
A,골목상권,3110750,시흥4동주민센터(서울신흥초등학교),11545700,시흥4동
A,골목상권,3110681,온수역 1번,11530790,수궁동
A,골목상권,3110682,온수역 8번,11530790,수궁동
A,골목상권,3110683,오류고등학교,11530790,수궁동
A,골목상권,3110703,개봉역,11530740,개봉1동
A,골목상권,3110704,고척중학교,11530720,고척1동
A,골목상권,3110705,고산초등학교,11530720,고척1동
A,골목상권,3110706,그라운드 고척,11530720,고척1동
A,골목상권,3110722,G타워,11530540,구로3동
A,골목상권,3110723,가산디지털단지역 1번 출입구,11545510,가산동
A,골목상권,3110724,금천구립가산도서관,11545510,가산동
A,골목상권,3110725,가산동주민센터,11545510,가산동
A,골목상권,3110803,신길2동우편취급국,11560515,영등포본동
A,골목상권,3110804,신풍역 1번,11560680,신길6동
A,골목상권,3110805,신길새마을금고신길4동지점,11560660,신길4동
A,골목상권,3110806,서울시립영등포장애인복지관,11560535,영등포동
A,골목상권,3110733,금천어울림복지센터,11545670,시흥1동
A,골목상권,3110734,금천파출소,11545670,시흥1동
A,골목상권,3110735,말미고개,11545620,독산2동
A,골목상권,3110736,독산119안전센터,11545640,독산4동
A,골목상권,3110755,동일여자고등학교,11545680,시흥2동
A,골목상권,3110756,문래중학교,11560610,양평1동
A,골목상권,3110757,양평역 2번,11560610,양평1동
A,골목상권,3110758,문래소공원,11560605,문래동
A,골목상권,3110807,신길역 3번,11560535,영등포동
A,골목상권,3110774,당산반도유보라팰리스아파트,11560560,당산2동
A,골목상권,3110775,대동초등학교,11560710,대림2동
A,골목상권,3110776,도신초등학교,11560720,대림3동
A,골목상권,3110643,강서구다솔마을,11500620,공항동
A,골목상권,3110644,신광명마을,11500611,발산1동
A,골목상권,3110645,우장산역 4번,11500611,발산1동
A,골목상권,3110790,대림1동주민센터,11560670,신길5동
A,골목상권,3110791,신풍역 3번,11560670,신길5동
A,골목상권,3110792,영등포역 2번,11560585,도림동
A,골목상권,3110793,대림썬프라자,11560700,대림1동
A,골목상권,3110808,신길역 1번,11560515,영등포본동
A,골목상권,3110809,장훈고등학교,11560515,영등포본동
A,골목상권,3110653,화곡역 2번,11500615,우장산동
A,골목상권,3110608,신월2동주민센터,11470570,신월2동
A,골목상권,3110609,신정네거리역 2번,11470640,신정3동
A,골목상권,3110610,계남근린공원,11470640,신정3동
A,골목상권,3110699,덕의초등학교,11530730,고척2동
A,골목상권,3110700,고척초등학교,11530720,고척1동
A,골목상권,3110623,갈산공원,11470680,신정7동
A,골목상권,3110624,목동문화체육센터,11470520,목2동
A,골목상권,3110625,신정2동주민센터,11470630,신정2동
A,골목상권,3110626,양화초등학교,11470520,목2동
A,골목상권,3110654,까치산역 4번,11500540,화곡1동
A,골목상권,3110655,발산역 5번,11500615,우장산동
A,골목상권,3110562,연트럴파크(연남동주민센터),11440710,연남동
A,골목상권,3110563,상수역 3번,11440655,서강동
A,골목상권,3110751,난곡중학교,11545630,독산3동
A,골목상권,3110752,한울중학교,11545700,시흥4동
A,골목상권,3110684,서울공연예술고등학교,11530790,수궁동
A,골목상권,3110685,금강수목원아파트,11530780,오류2동
A,골목상권,3110686,수궁동주민센터,11530790,수궁동
A,골목상권,3110707,구로창업지원센터,11530510,신도림동
A,골목상권,3110708,화원어린이공원,11530530,구로2동
A,골목상권,3110709,구로119안전센터,11530530,구로2동
A,골목상권,3110710,남구로역 3번,11530530,구로2동
A,골목상권,3110711,구로초등학교,11530530,구로2동
A,골목상권,3110712,남구로역 5번,11530550,구로4동
A,골목상권,3110668,화곡2동주민센터,11500550,화곡2동
A,골목상권,3110669,화곡보람2차아파트,11500591,화곡6동
A,골목상권,3110670,신곡초등학교,11500570,화곡4동
A,골목상권,3110726,금천철쭉어린이공원(금하마을),11545610,독산1동
A,골목상권,3110815,공군호텔,11560630,신길1동
A,골목상권,3110816,대방역 6번,11560630,신길1동
A,골목상권,3110737,금천세무서,11545630,독산3동
A,골목상권,3110738,문성초등학교,11545630,독산3동
A,골목상권,3110739,시흥3동 우편취급국,11545690,시흥3동
A,골목상권,3110713,구로보건소,11530560,구로5동
A,골목상권,3110759,문래예술촌(문래창작촌),11560605,문래동
A,골목상권,3110760,선유도역 6번,11560620,양평2동
A,골목상권,3110761,문래동남성맨션,11560605,문래동
A,골목상권,3110762,선유도역 1번,11560620,양평2동
A,골목상권,3110612,신정역 5번,11470650,신정4동
A,골목상권,3110613,신정네거리역 4번,11470620,신정1동
A,골목상권,3110614,목동로데오거리,11470650,신정4동
A,골목상권,3110615,신서초등학교,11470620,신정1동
A,골목상권,3110616,양목초등학교,11470650,신정4동
A,골목상권,3110646,푸른들청소년도서관,11500560,화곡3동
A,골목상권,3110647,화곡역 5번,11500540,화곡1동
A,골목상권,3110648,양천향교역 7번,11500603,가양1동
A,골목상권,3110794,영동초등학교,11560560,당산2동
A,골목상권,3110795,도림초등학교,11560650,신길3동
A,골목상권,3110796,한림대학교한강성심병원,11560535,영등포동
A,골목상권,3110797,KT대방빌딩,11560680,신길6동
A,골목상권,3110596,서서울호수공원,11470580,신월3동
A,골목상권,3110597,신월1동주민센터,11470560,신월1동
A,골목상권,3110598,신월문화체육센터,11470611,신월7동
A,골목상권,3110599,신월1파출소,11470560,신월1동
A,골목상권,3110416,노원초등학교,11350630,상계1동
A,골목상권,3110417,월계역 3번,11350570,월계2동
A,골목상권,3110418,광운대학교 남단,11350560,월계1동
A,골목상권,3110465,연신내역 7번,11380551,갈현1동
A,골목상권,3110701,고척동성당,11530730,고척2동
A,골목상권,3110702,개봉초등학교,11530760,개봉3동
A,골목상권,3110627,신정롯데캐슬아파트,11470630,신정2동
A,골목상권,3110628,신목동역,11470520,목2동
A,골목상권,3110629,송정역 4번,11500620,공항동
A,골목상권,3110630,공항시장역 1번,11500640,방화2동
A,골목상권,3110631,방화초등학교,11500640,방화2동
A,골목상권,3110656,까치산역 3번,11500540,화곡1동
A,골목상권,3110657,양천향교역 5번,11500603,가양1동
A,골목상권,3110658,화곡초등학교,11500590,화곡본동
A,골목상권,3110659,화곡역 4번,11500590,화곡본동
A,골목상권,3110714,구로4동주민센터,11530550,구로4동
A,골목상권,3110727,독산역 1번 출입구,11545610,독산1동
A,골목상권,3110728,두산초등학교,11545610,독산1동
A,골목상권,3110729,가산동우체국,11545510,가산동
A,골목상권,3110777,구로세무서,11560605,문래동
A,골목상권,3110753,시흥동 은행나무사거리,11545710,시흥5동
A,골목상권,3110754,삼성산자연공원(서울금천초등학교),11545710,시흥5동
A,골목상권,3110687,"천왕역 3번(오류2동주민센터, 서울오류남초등학교)",11530780,오류2동
A,골목상권,3110688,오류지구대,11530770,오류1동
A,골목상권,3110715,구로구민회관,11530560,구로5동
A,골목상권,3110716,구로나눔길,11530530,구로2동
A,골목상권,3110717,남구로역 2번,11530595,가리봉동
A,골목상권,3110763,영등포구청역 2번,11560550,당산1동
A,골목상권,3110764,문래역 3번,11560550,당산1동
A,골목상권,3110671,등촌1동주민센터,11500520,등촌1동
A,골목상권,3110672,백석중학교,11500530,등촌2동
A,골목상권,3110673,뜸부기어린이공원,11500570,화곡4동
A,골목상권,3110674,강서구청가양동별관,11500605,가양3동
A,골목상권,3110813,보라매역 6번,11560680,신길6동
A,골목상권,3110814,서울지방병무청,11560690,신길7동
A,골목상권,3110649,우장산역 1번,11500615,우장산동
A,골목상권,3110740,금천해태공원,11545670,시흥1동
A,골목상권,3110741,독산2동주민센터,11545620,독산2동
A,골목상권,3110742,KT금천빌딩(금천구시설관리공단),11545670,시흥1동
A,골목상권,3110798,신풍역 2번,11560680,신길6동
A,골목상권,3110765,문래동사거리,11560605,문래동
A,골목상권,3110766,대림역 5번,11560720,대림3동
A,골목상권,3110767,도림동주민센터,11560585,도림동
A,골목상권,3110600,신월7동주민센터,11470611,신월7동
A,골목상권,3110466,구산역 2번,11380625,역촌동
A,골목상권,3110467,은평요양병원,11380551,갈현1동
A,골목상권,3110514,서대문우체국,11410585,신촌동
A,골목상권,3110650,우장산힐스테이트,11500615,우장산동
A,골목상권,3110651,화원중학교,11500540,화곡1동
A,골목상권,3110652,양천향교역 2번,11500603,가양1동
A,골목상권,3110799,영등포본동주민센터,11560515,영등포본동
A,골목상권,3110800,영등포동성당,11560535,영등포동
A,골목상권,3110801,신풍역 6번(신길6동공영주차장),11560680,신길6동
A,골목상권,3110802,신길동홍어거리,11560660,신길4동
A,골목상권,3110601,신월1동우편취급국,11470560,신월1동
A,골목상권,3110602,신월시영아파트중문,11470611,신월7동
A,골목상권,3110603,지향초등학교,11470640,신정3동
A,골목상권,3110660,등촌3동주민센터,11500535,등촌3동
A,골목상권,3110778,구로디지털단지역 4번,11560710,대림2동
A,골목상권,3110779,대림갑을명가아파트,11560700,대림1동
A,골목상권,3110611,신정역 1번,11470650,신정4동
A,골목상권,3110784,신대림초등학교,11560700,대림1동
A,골목상권,3110785,영등포푸르지오아파트,11560585,도림동
A,골목상권,3110617,등촌역 4번,11470530,목3동
A,골목상권,3110618,강서고등학교,11470540,목4동
A,골목상권,3110619,목4동주민센터,11470540,목4동
A,골목상권,3110632,방화역 3번,11500630,방화1동
A,골목상권,3110633,개화산역 1번,11500640,방화2동
A,골목상권,3110634,송정역 3번,11500620,공항동
A,골목상권,3110661,강서새말어린이공원,11500591,화곡6동
A,골목상권,3110662,까치산역 1번,11500593,화곡8동
A,골목상권,3110718,한국SGI본부,11530560,구로5동
A,골목상권,3110745,독산동정훈단지,11545620,독산2동
A,골목상권,3110746,금천금빛공원(은행나무사거리서측),11545670,시흥1동
A,골목상권,3110747,석수역 1번 출입구,11545690,시흥3동
A,골목상권,3110675,화곡4동주민센터,11500570,화곡4동
A,골목상권,3110676,등촌역 7번,11500530,등촌2동
A,골목상권,3110677,등촌역 1번,11500520,등촌1동
A,골목상권,3110678,염창무학아파트,11500510,염창동
A,골목상권,3110679,염창역 2번,11500510,염창동
A,골목상권,3110680,온수역 5번(온수산업단지),11530790,수궁동
A,골목상권,3110689,오류동역 3번,11530770,오류1동
A,골목상권,3110690,오류2동버들시장,11530780,오류2동
A,골목상권,3110691,개봉중학교,11530740,개봉1동
A,골목상권,3110719,영서중학교,11530540,구로3동
A,골목상권,3110720,대림역 2번,11530550,구로4동
A,골목상권,3110721,가리봉파출소,11530595,가리봉동
A,골목상권,3110768,도림2동유수지내체육시설,11560585,도림동
A,골목상권,3110817,대방역 4번,11560630,신길1동
A,골목상권,3110818,신대방역 3번,11590670,신대방1동
A,골목상권,3110819,신대방역 4번,11590670,신대방1동
A,골목상권,3110820,성남고등학교,11590660,대방동
A,골목상권,3110730,서울축산농협 독산역지점(독산파출소),11545610,독산1동
A,골목상권,3110731,금천구청역 1번 출입구,11545670,시흥1동
A,골목상권,3110732,가산초등학교(세일중학교),11545610,독산1동
A,골목상권,3110743,시흥초등학교(시흥1동우체국),11545670,시흥1동
A,골목상권,3110744,독산동성당,11545640,독산4동
A,골목상권,3110769,대림차이나타운(대림역 12번),11560710,대림2동
A,골목상권,3110770,영등포구청역 6번,11560550,당산1동
A,골목상권,3110771,대림역 11번,11560710,대림2동
A,골목상권,3110772,신우어린이공원,11560720,대림3동
A,골목상권,3110773,당산역 13번,11560620,양평2동
A,골목상권,3110639,신방화역 8번,11500630,방화1동
A,골목상권,3110640,방화역 1번,11500641,방화3동
A,골목상권,3110641,공항고등학교,11500630,방화1동
A,골목상권,3110642,정곡초등학교,11500641,방화3동
A,골목상권,3110786,당산역 8번,11560560,당산2동
A,골목상권,3110787,신길3동주민센터,11560650,신길3동
A,골목상권,3110788,영등포시장역 3번,11560535,영등포동
A,골목상권,3110789,대림성모병원,11560700,대림1동
A,골목상권,3110810,영신초등학교,11560630,신길1동
A,골목상권,3110811,보라매역 4번,11560680,신길6동
A,골목상권,3110812,신길6동주민센터,11560680,신길6동
A,골목상권,3110604,신월4동주민센터,11470590,신월4동
A,골목상권,3110605,목동센트럴아이파크앞,11470610,신월6동
A,골목상권,3110606,신한은행 신월동지점,11470590,신월4동
A,골목상권,3110607,금빛새마을금고본점,11470570,신월2동
A,골목상권,3110697,개봉3동주민센터,11530760,개봉3동
A,골목상권,3110698,개웅초등학교(개웅중학교),11530760,개봉3동
A,골목상권,3110748,백산초등학교,11545710,시흥5동
A,골목상권,3110620,목동보건지소,11470540,목4동
A,골목상권,3110621,목동역 5번,11470510,목1동
A,골목상권,3110622,달마을공원,11470520,목2동
A,골목상권,3110635,공항시장역 3번,11500620,공항동
A,골목상권,3110636,방화역 2번,11500630,방화1동
A,골목상권,3110637,송정역 2번,11500620,공항동
A,골목상권,3110638,신방화역 2번,11500630,방화1동
A,골목상권,3111026,문정역 2번,11710641,문정1동
A,골목상권,3111027,문정초등학교,11710641,문정1동
A,골목상권,3111025,경찰병원역 3번,11710632,가락2동
A,골목상권,3110830,상도초등학교,11590560,상도4동
A,골목상권,3110831,상도4동주민센터,11590560,상도4동
A,골목상권,3110880,신림역 1번,11620645,서원동
A,골목상권,3110881,구립대학경로당(관악산샘말공원),11620735,대학동
A,골목상권,3110882,신성초등학교,11620665,서림동
A,골목상권,3110942,염곡동 구룡사(포이동성당),11650652,양재2동
A,골목상권,3110943,법제교육센터(버들어린이공원),11650652,양재2동
A,골목상권,3110944,서울나래학교(염곡어린이공원),11650660,내곡동
A,골목상권,3110968,강남구청역 2번,11680531,논현2동
A,골목상권,3110969,베르사이유1아파트,11680650,역삼2동
A,골목상권,3110970,학동초등학교,11680531,논현2동
A,골목상권,3110971,선정릉역 4번,11680640,역삼1동
A,골목상권,3110972,강남세브란스병원미래의학연구센터,11680650,역삼2동
A,골목상권,3110973,강남구청역 4번,11680565,청담동
A,골목상권,3111037,Sh수협은행 오금동금융센터(아랫말어린이공원),11710570,오금동
A,골목상권,3111017,송파나루역 3번,11710562,방이2동
A,골목상권,3111018,풍납초등학교(풍납백제문화공원),11710510,풍납1동
A,골목상권,3111041,거여역 8번,11710531,거여1동
A,골목상권,3111042,거여역 1번(거여공원),11710531,거여1동
A,골목상권,3110848,양지어린이공원,11590620,사당1동
A,골목상권,3111077,길동주민센터(강동도서관),11740685,길동
A,골목상권,3111028,문현중학교(장지역 1번),11710646,장지동
A,골목상권,3111050,강동구청(강동구청역 2번),11740640,성내1동
A,골목상권,3111051,천호역 6번,11740650,성내2동
A,골목상권,3111052,암사역 3번(천호동자전거거리),11740610,천호2동
A,골목상권,3111053,성내천어린이공원(하니사랑길),11740640,성내1동
A,골목상권,3110823,신대방삼거리역 3번,11590680,신대방2동
A,골목상권,3110824,대방역 3번,11590660,대방동
A,골목상권,3110825,신대방삼거리역 1번,11590550,상도3동
A,골목상권,3110871,신원동주민센터,11620655,신원동
A,골목상권,3110849,이수역 10번,11590640,사당3동
A,골목상권,3110898,청림동주민센터(상도중학교),11620545,청림동
A,골목상권,3110899,낙성대역 5번(관악중학교),11620575,행운동
A,골목상권,3111029,오금역 4번,11710632,가락2동
A,골목상권,3111030,방이역 2번,11710570,오금동
A,골목상권,3110856,미성초등학교,11620765,미성동
A,골목상권,3110857,미성동주민센터,11620765,미성동
A,골목상권,3110858,신대방역 1번,11620685,신사동
A,골목상권,3110859,난향초등학교,11620715,난향동
A,골목상권,3110872,신림초등학교,11620655,신원동
A,골목상권,3110873,당곡중학교,11620525,보라매동
A,골목상권,3110926,신중초등학교,11650530,서초3동
A,골목상권,3110900,낙성대역 1번(관악구민 종합체육센터),11620625,인헌동
A,골목상권,3110983,국립국악고등학교,11680690,개포4동
A,골목상권,3110984,포이초등학교(개포목련어린이공원),11680690,개포4동
A,골목상권,3110985,청담근린공원,11680565,청담동
A,골목상권,3110986,삼성중앙역 7번,11680590,삼성2동
A,골목상권,3110987,영동대교남단,11680565,청담동
A,골목상권,3110832,노량진초등학교,11590510,노량진1동
A,골목상권,3110833,상도역 2번,11590540,상도2동
A,골목상권,3110834,동작구자원봉사센터,11590510,노량진1동
A,골목상권,3110909,남태령역(서울전자고등학교),11650610,방배2동
A,골목상권,3110910,내방역 5번,11650621,방배4동
A,골목상권,3110911,방배배수지체육공원,11650620,방배3동
A,골목상권,3110912,방배동사이길,11650590,방배본동
A,골목상권,3111002,한국교통안전공단 강남자동차검사소,11680700,세곡동
A,골목상권,3110927,잠원역,11650540,잠원동
A,골목상권,3110928,서초우방유쉘아파트,11650530,서초3동
A,골목상권,3110929,남부터미널역 1번,11650510,서초1동
A,골목상권,3110988,청담역 3번,11680580,삼성1동
A,골목상권,3110989,대치동아우편취급국,11680630,대치4동
A,골목상권,3110990,청담역 12번,11680565,청담동
A,골목상권,3110991,삼성중앙역 5번,11680580,삼성1동
A,골목상권,3111054,암사역 4번(삼성광나루아파트),11740580,암사2동
A,골목상권,3111055,선사초등학교,11740580,암사2동
A,골목상권,3111056,천호태영아파트,11740620,천호3동
A,골목상권,3111057,천호공원(해공체육문화센터),11740610,천호2동
A,골목상권,3110883,은천초등학교(은천교앞),11620525,보라매동
A,골목상권,3110884,봉천역 4번(봉천110안전센터),11620605,은천동
A,골목상권,3111003,삼전역 4번,11710650,잠실본동
A,골목상권,3111004,삼전역 1번,11710650,잠실본동
A,골목상권,3111005,삼전역 3번,11710610,삼전동
A,골목상권,3111006,석촌고분역 1번,11710610,삼전동
A,골목상권,3111059,강동역 4번(강풀만화거리),11740650,성내2동
A,골목상권,3110829,장승배기역 5번,11590520,노량진2동
A,골목상권,3110877,신림역 8번,11620695,신림동
A,골목상권,3111058,성내중학교,11740640,성내1동
A,골목상권,3110850,사당역 10번,11590620,사당1동
A,골목상권,3110851,경문고등학교(동작동성당),11590630,사당2동
A,골목상권,3110945,본마을노인복지센터(서초구립내곡도서관),11650660,내곡동
A,골목상권,3110946,청계산원터골,11650652,양재2동
A,골목상권,3110947,청계산입구역 2번(내곡동주민센터),11650660,내곡동
A,골목상권,3111060,암사역 2번(서울강동초등학교),11740610,천호2동
A,골목상권,3110860,호림박물관(성보고등학교),11620765,미성동
A,골목상권,3110861,관악구신사동주민센터,11620685,신사동
A,골목상권,3111019,한성백제역 3번,11710562,방이2동
A,골목상권,3111020,방이동고분군(방산고등학교),11710561,방이1동
A,골목상권,3110901,인헌고등학교(인헌중학교),11620625,인헌동
A,골목상권,3110902,사당역 4번,11620630,남현동
A,골목상권,3110903,방배아이파크아파트,11650590,방배본동
A,골목상권,3111031,장지동주민센터(한림연예예술고교),11710646,장지동
A,골목상권,3111032,방이역 1번,11710570,오금동
A,골목상권,3110862,난곡초등학교(난곡동벽화마을),11620775,난곡동
A,골목상권,3110913,방현초등학교(방배119안전센터),11650620,방배3동
A,골목상권,3110914,내방역 6번,11650621,방배4동
A,골목상권,3110930,서초동성당,11650510,서초1동
A,골목상권,3110931,삼성전자서울R&D(서울우면초등학교),11650651,양재1동
A,골목상권,3110932,서울시인재개발원,11650510,서초1동
A,골목상권,3110933,한국상담대학원대학교,11650510,서초1동
A,골목상권,3110934,우면주공아파트,11650651,양재1동
A,골목상권,3110935,한전아트센터,11650520,서초2동
A,골목상권,3110992,도곡초등학교,11680630,대치4동
A,골목상권,3110993,개포지하차도 북측,11680660,개포1동
A,골목상권,3110994,개포고등학교,11680670,개포2동
A,골목상권,3110995,봉은사역 4번,11680580,삼성1동
A,골목상권,3110996,대치2동주민센터,11680610,대치2동
A,골목상권,3110835,상도역 1번,11590530,상도1동
A,골목상권,3110836,상도역 5번,11590530,상도1동
A,골목상권,3110915,서래초등학교,11650590,방배본동
A,골목상권,3111007,석촌고분역 4번,11710610,삼전동
A,골목상권,3111008,석촌고분역 3번,11710600,석촌동
A,골목상권,3110878,미림여고,11620745,삼성동
A,골목상권,3110879,신림현대아파트,11620745,삼성동
A,골목상권,3110936,더케이호텔(양재리본타워2단지아파트),11650652,양재2동
A,골목상권,3110937,방아다리근린공원(횃불트리니티신학대학원대학교),11650651,양재1동
A,골목상권,3110938,바우뫼공원,11650651,양재1동
A,골목상권,3111043,마천공원,11710550,마천2동
A,골목상권,3111044,남천초등학교,11710550,마천2동
A,골목상권,3110885,영락고등학교,11620665,서림동
A,골목상권,3110886,관악해태어린이공원,11620665,서림동
A,골목상권,3110887,서울산업정보학교(서울삼성초등학교),11620735,대학동
A,골목상권,3110948,헌인가구단지,11650660,내곡동
A,골목상권,3111009,송파책박물관,11710600,석촌동
A,골목상권,3111010,석촌역 7번,11710600,석촌동
A,골목상권,3111011,잠실나루역,11710690,잠실4동
A,골목상권,3111012,석촌역 6번,11710600,석촌동
A,골목상권,3111013,송파나루역 1번(송리단길),11710580,송파1동
A,골목상권,3111045,개미어린이공원,11710532,거여2동
A,골목상권,3111046,마천역(마천초등학교),11710540,마천1동
A,골목상권,3111047,마천1치안센터,11710540,마천1동
A,골목상권,3110826,장승배기역 4번,11590540,상도2동
A,골목상권,3110827,NH농협은행 상도동지점,11590560,상도4동
A,골목상권,3110828,노량진역 6번,11590520,노량진2동
A,골목상권,3110852,이수역 9번,11590620,사당1동
A,골목상권,3110853,KT구로지사,11620725,조원동
A,골목상권,3110854,조원동주민센터,11620725,조원동
A,골목상권,3110855,신대방역 2번,11620725,조원동
A,골목상권,3110949,한남IC,11680510,신사동
A,골목상권,3110950,논현역 7번,11680521,논현1동
A,골목상권,3110951,신사은행나무공원,11680510,신사동
A,골목상권,3110952,논현목련공원,11680521,논현1동
A,골목상권,3110953,학동근린공원,11680521,논현1동
A,골목상권,3110954,국기원,11680640,역삼1동
A,골목상권,3110955,논현초등학교,11680521,논현1동
A,골목상권,3110956,언주역 8번,11680640,역삼1동
A,골목상권,3111048,천호역 1번(천호문구완구거리),11740610,천호2동
A,골목상권,3111049,천호지구대(천호동자전거거리),11740610,천호2동
A,골목상권,3110863,난우초등학교,11620765,미성동
A,골목상권,3111021,방이역 4번,11710561,방이1동
A,골목상권,3111022,석촌중학교(방이육교),11710620,가락본동
A,골목상권,3111023,문정역 1번,11710641,문정1동
A,골목상권,3110904,이수역 5번,11650610,방배2동
A,골목상권,3110905,방배노인종합복지관(이수중학교),11650610,방배2동
A,골목상권,3110906,서문여고,11650621,방배4동
A,골목상권,3110907,방배초등학교,11650621,방배4동
A,골목상권,3110908,구반포역,11650550,반포본동
A,골목상권,3111033,문정동성당,11710646,장지동
A,골목상권,3111034,오동나무공원(송파레미니스1단지),11710570,오금동
A,골목상권,3110864,신림우방아파트,11620685,신사동
A,골목상권,3110865,남강고등학교(남강중학교),11620775,난곡동
A,골목상권,3110916,내방역 4번,11650600,방배1동
A,골목상권,3110939,양재역 8번(양재동우체국),11650651,양재1동
A,골목상권,3110940,양재근린공원(양재2동주민센터),11650652,양재2동
A,골목상권,3110941,언남고등학교,11650652,양재2동
A,골목상권,3111024,경찰병원역 4번(건너말공원),11710620,가락본동
A,골목상권,3110997,대청초등학교,11680730,일원1동
A,골목상권,3110998,은곡마을(은곡마을공원),11680700,세곡동
A,골목상권,3110999,윗방죽마을공원,11680700,세곡동
A,골목상권,3111000,대왕초등학교(세곡동사거리서남측),11680700,세곡동
A,골목상권,3111001,아래방죽마을공원(율현초등학교),11680700,세곡동
A,골목상권,3110837,숭실대입구역 1번,11590530,상도1동
A,골목상권,3110838,상도1동주민센터앞,11590530,상도1동
A,골목상권,3110839,숭실대입구역 4번,11590530,상도1동
A,골목상권,3110888,청룡동주민센터,11620595,청룡동
A,골목상권,3110917,서초소방서,11650581,반포4동
A,골목상권,3110918,방배역 3번,11650600,방배1동
A,골목상권,3110919,내방역 8번,11650621,방배4동
A,골목상권,3110920,방배역 2번(백석예술대학교),11650620,방배3동
A,골목상권,3110874,원신초등학교(구세군관악영문교회),11620745,삼성동
A,골목상권,3110875,보라매동주민센터(당곡고등학교),11620525,보라매동
A,골목상권,3110876,서원동주민센터(신관중학교),11620645,서원동
A,골목상권,3111089,상일여고(상일초등학교),11740520,상일동
A,골목상권,3111090,강일동주민센터,11740515,강일동
A,골목상권,3111061,암사역 1번,11740570,암사1동
A,골목상권,3111062,둔촌동역 3번(성내3동주민센터),11740660,성내3동
A,골목상권,3110889,봉천역 6번,11620605,은천동
A,골목상권,3110890,봉천역 1번(관악초등학교),11620595,청룡동
A,골목상권,3110891,구암초등학교,11620565,성현동
A,골목상권,3110957,언북중학교,11680531,논현2동
A,골목상권,3110958,역삼역 4번,11680640,역삼1동
A,골목상권,3110959,신구중학교,11680545,압구정동
A,골목상권,3110960,은광여고,11680655,도곡1동
A,골목상권,3111014,송파나루역 2번,11710562,방이2동
A,골목상권,3111015,석촌역 3번,11710580,송파1동
A,골목상권,3111016,송파역 2번,11710590,송파2동
A,골목상권,3111038,보인중학교,11710570,오금동
A,골목상권,3111039,벌말어린이공원,11710570,오금동
A,골목상권,3110843,사당5동주민센터,11590651,사당5동
A,골목상권,3110844,흑석2치안센터,11590605,흑석동
A,골목상권,3111063,강동구립 천호도서관,11740620,천호3동
A,골목상권,3111064,둔촌동역 4번,11740660,성내3동
A,골목상권,3111065,천일초등학교,11740620,천호3동
A,골목상권,3110961,언주역 3번,11680531,논현2동
A,골목상권,3110962,도산공원북측,11680545,압구정동
A,골목상권,3110963,역삼월드메르디앙아파트,11680640,역삼1동
A,골목상권,3110964,싸리고개근린공원,11680655,도곡1동
A,골목상권,3110965,언주역 6번,11680640,역삼1동
A,골목상권,3111035,오금공원(오주중학교),11710570,오금동
A,골목상권,3110821,보라매역 2번,11590680,신대방2동
A,골목상권,3110822,신대방삼거리역 4번(대림초등학교),11590660,대방동
A,골목상권,3110866,난우중학교,11620775,난곡동
A,골목상권,3110845,사당종합체육관,11590640,사당3동
A,골목상권,3110846,남성역 1번,11590650,사당4동
A,골목상권,3110847,예술인마을,11590620,사당1동
A,골목상권,3110895,샤로수길,11620585,낙성대동
A,골목상권,3111066,암사동성당(효정하나플러스아파트),11740570,암사1동
A,골목상권,3111067,강동구립성내도서관,11740660,성내3동
A,골목상권,3111068,강동성심병원,11740685,길동
A,골목상권,3111069,천호1동주민센터,11740600,천호1동
A,골목상권,3111036,투구봉어린이공원,11710632,가락2동
A,골목상권,3110840,중앙대학교,11590605,흑석동
A,골목상권,3110867,국제신학대학원대학교(남서울중학교),11620655,신원동
A,골목상권,3110868,남부초등학교,11620685,신사동
A,골목상권,3110869,"신림역 5번(신림동주민센터, 신림동별빛거리)",11620695,신림동
A,골목상권,3110870,신림주공2단지(광신고등학교),11620745,삼성동
A,골목상권,3110896,관악우성아파트,11620575,행운동
A,골목상권,3110897,서울대입구역 8번,11620575,행운동
A,골목상권,3110974,언주중학교,11680590,삼성2동
A,골목상권,3110975,매봉역 1번,11680655,도곡1동
A,골목상권,3110976,언북초등학교,11680565,청담동
A,골목상권,3110977,논현로18길,11680690,개포4동
A,골목상권,3111070,천호초등학교,11740600,천호1동
A,골목상권,3111071,천동초등학교,11740685,길동
A,골목상권,3111072,굽은다리역 1번(십자성마을),11740600,천호1동
A,골목상권,3111073,둔촌동역 1번(한산중학교),11740700,둔촌2동
A,골목상권,3110841,중대부중,11590605,흑석동
A,골목상권,3110842,흑리단길,11590605,흑석동
A,골목상권,3110921,서울프랑스학교,11650581,반포4동
A,골목상권,3110922,내방역 1번,11650600,방배1동
A,골목상권,3110923,방배역 1번,11650620,방배3동
A,골목상권,3110924,반포4동주민센터(몽마르뜨공원),11650581,반포4동
A,골목상권,3110925,서초중학교,11650530,서초3동
A,골목상권,3110978,도곡2동주민센터(대치중학교),11680656,도곡2동
A,골목상권,3110979,청담초등학교,11680565,청담동
A,골목상권,3110980,개포지구대옆,11680690,개포4동
A,골목상권,3110981,국악고교사거리,11680690,개포4동
A,골목상권,3110982,강남구보훈회관,11680590,삼성2동
A,골목상권,3111040,거여초등학교,11710570,오금동
A,골목상권,3111074,명일역 1번,11740570,암사1동
A,골목상권,3111075,굽은다리역 2번,11740600,천호1동
A,골목상권,3111076,둔촌2동주민센터,11740700,둔촌2동
A,골목상권,3110892,관악구 중앙길,11620615,중앙동
A,골목상권,3110893,관악소방서(문영여고),11620595,청룡동
A,골목상권,3110894,관악동부센트레빌아파트(은천로35라길),11620565,성현동
A,골목상권,3110966,논현2동주민센터,11680531,논현2동
A,골목상권,3110967,역삼역 8번,11680640,역삼1동
D,발달상권,3120044,삼각지역,11170625,한강로동
D,발달상권,3120045,남영동 먹자골목,11170530,남영동
D,발달상권,3120046,이태원(이태원역),11170650,이태원1동
D,발달상권,3120100,망원역,11440690,망원1동
D,발달상권,3120101,합정역,11440660,서교동
D,발달상권,3120158,녹두거리(대학동),11620735,대학동
D,발달상권,3120047,한남오거리,11170685,한남동
D,발달상권,3120048,금호역,11200620,금호4가동
D,발달상권,3120105,상수역(홍대),11440655,서강동
D,발달상권,3120102,서교동(홍대),11440660,서교동
D,발달상권,3120103,홍대입구역(홍대),11440660,서교동
D,발달상권,3120104,연남동(홍대),11440710,연남동
D,발달상권,3120157,신림역(신림),11620695,신림동
D,발달상권,3120154,장승배기역,11590540,상도2동
D,발달상권,3120155,총신대학교,11590651,사당5동
D,발달상권,3120156,"총신대입구역(이수, 총신대)",11590630,사당2동
D,발달상권,3120042,"숙대입구역(남영역, 남영동)",11170530,남영동
D,발달상권,3120043,서울역,11140540,회현동
D,발달상권,3120001,서대문역,11110580,교남동
D,발달상권,3120049,왕십리역(왕십리),11200560,행당1동
D,발달상권,3120050,서울숲역,11200650,성수1가1동
D,발달상권,3120051,뚝섬역,11200660,성수1가2동
D,발달상권,3120052,성수역,11200690,성수2가3동
D,발달상권,3120053,건대입구역(건대),11215710,화양동
D,발달상권,3120054,어린이대공원역,11215730,군자동
D,발달상권,3120055,군자역,11215730,군자동
D,발달상권,3120056,구의역,11215850,구의1동
D,발달상권,3120108,신정네거리역,11470650,신정4동
D,발달상권,3120109,서울남부지방법원,11470620,신정1동
D,발달상권,3120162,방배동카페골목,11650590,방배본동
D,발달상권,3120163,사당역 11번(사당역먹자골목),11650610,방배2동
D,발달상권,3120164,내방역,11650621,방배4동
D,발달상권,3120002,서촌(경복궁역),11110530,사직동
D,발달상권,3120003,광화문역,11110530,사직동
D,발달상권,3120004,종로구청,11110615,종로1·2·3·4가동
D,발달상권,3120005,삼청동,11110540,삼청동
D,발달상권,3120057,아차산역,11215750,중곡2동
D,발달상권,3120058,구의사거리,11215850,구의1동
D,발달상권,3120110,목동역 8번출구,11470650,신정4동
D,발달상권,3120111,목동사거리,11500570,화곡4동
D,발달상권,3120112,등촌역,11470530,목3동
D,발달상권,3120106,마포역,11440590,용강동
D,발달상권,3120107,공덕역(공덕오거리),11440585,도화동
D,발달상권,3120159,서울대입구역,11620595,청룡동
D,발달상권,3120160,사당역(사당),11650610,방배2동
D,발달상권,3120161,방배동가구거리(사당동가구거리),11650590,방배본동
D,발달상권,3120006,종각역,11110615,종로1·2·3·4가동
D,발달상권,3120007,북촌(안국역),11110600,가회동
D,발달상권,3120008,인사동,11110615,종로1·2·3·4가동
D,발달상권,3120059,구삼강변맛길,11215870,구의3동
D,발달상권,3120060,강변역(테크노마트),11215870,구의3동
D,발달상권,3120061,올림픽대교북단,11215870,구의3동
D,발달상권,3120062,신설동역,11230536,용신동
D,발달상권,3120063,청량리역(청량리),11230560,전농1동
D,발달상권,3120113,오목교역,11470510,목1동
D,발달상권,3120114,목동신시가지,11470510,목1동
D,발달상권,3120115,김포공항역(김포공항),11500640,방화2동
D,발달상권,3120175,남부터미널역,11650510,서초1동
D,발달상권,3120010,원남동사거리,11110615,종로1·2·3·4가동
D,발달상권,3120064,경희대학교(경희대),11230710,회기동
D,발달상권,3120065,회기역,11230720,휘경1동
D,발달상권,3120116,송정역,11500620,공항동
D,발달상권,3120176,논현역 4번,11650560,반포1동
D,발달상권,3120177,신논현역 1번,11650560,반포1동
D,발달상권,3120009,종로3가역,11110615,종로1·2·3·4가동
D,발달상권,3120165,서래마을카페거리(서래마을),11650581,반포4동
D,발달상권,3120166,방배역,11650600,방배1동
D,발달상권,3120167,고속터미널(고속터미널역),11650581,반포4동
D,발달상권,3120168,서울고교교차로,11650530,서초3동
D,발달상권,3120013,이화사거리,11110630,종로5·6가동
D,발달상권,3120066,장한평역(장한평),11230650,장안1동
D,발달상권,3120067,장안동사거리,11230660,장안2동
D,발달상권,3120068,사가정역,11260575,면목3·8동
D,발달상권,3120069,상봉역,11260590,상봉2동
D,발달상권,3120070,한성대입구역,11290555,삼선동
D,발달상권,3120120,화곡역,11500540,화곡1동
D,발달상권,3120121,까치산역,11500540,화곡1동
D,발달상권,3120122,강서구청,11500591,화곡6동
D,발달상권,3120169,서초역,11650530,서초3동
D,발달상권,3120170,삼호가든사거리,11650581,반포4동
D,발달상권,3120171,서초3동사거리,11650530,서초3동
D,발달상권,3120014,종로5가역,11110630,종로5·6가동
D,발달상권,3120015,종로6가,11110630,종로5·6가동
D,발달상권,3120016,동대문역,11110670,창신1동
D,발달상권,3120071,성북구청,11290555,삼선동
D,발달상권,3120072,성신여대,11290575,동선동
D,발달상권,3120073,미아사거리,11290685,길음2동
D,발달상권,3120074,안암역,11290600,안암동
D,발달상권,3120075,월곡역,11290725,월곡2동
D,발달상권,3120076,수유역,11305635,수유3동
D,발달상권,3120077,미아역,11305535,미아동
D,발달상권,3120123,오류동역,11530770,오류1동
D,발달상권,3120117,강서농산물도매시장,11500611,발산1동
D,발달상권,3120118,마곡역(마곡),11500603,가양1동
D,발달상권,3120119,발산역(마곡),11500603,가양1동
D,발달상권,3120184,포이사거리(삼호물산),11650652,양재2동
D,발달상권,3120185,논현역,11680521,논현1동
D,발달상권,3120186,가로수길,11680510,신사동
D,발달상권,3120011,종로4가,11110615,종로1·2·3·4가동
D,발달상권,3120012,대학로(혜화역),11110650,혜화동
D,발달상권,3120182,"양재시민의숲역(양재동꽃시장, aT센터)",11650652,양재2동
D,발달상권,3120183,양재천카페거리,11650651,양재1동
D,발달상권,3120017,동묘앞역(동묘),11110670,창신1동
D,발달상권,3120018,중림동,11140680,중림동
D,발달상권,3120019,경찰청앞교차로,11140520,소공동
D,발달상권,3120020,시청역_1번,11140520,소공동
D,발달상권,3120021,시청역_8번,11140520,소공동
D,발달상권,3120078,미아사거리역,11305545,송중동
D,발달상권,3120079,창동역,11320515,창5동
D,발달상권,3120178,신사역,11650540,잠원동
D,발달상권,3120179,양재역,11680655,도곡1동
D,발달상권,3120180,양재화물트럭터미널앞,11650652,양재2동
D,발달상권,3120022,북창동(시청역_6번),11140520,소공동
D,발달상권,3120023,서울시청,11140550,명동
D,발달상권,3120080,마들역,11350710,상계9동
D,발달상권,3120126,디지털단지오거리,11530595,가리봉동
D,발달상권,3120127,구로구청,11530560,구로5동
D,발달상권,3120124,개봉동 현대아파트,11530760,개봉3동
D,발달상권,3120125,구로역,11530530,구로2동
D,발달상권,3120181,교육개발원입구사거리,11650651,양재1동
D,발달상권,3120172,교대입구교차로,11650530,서초3동
D,발달상권,3120173,교대역(법원.검찰청),11650510,서초1동
D,발달상권,3120174,논현역 5번,11650540,잠원동
D,발달상권,3120024,회현역,11140540,회현동
D,발달상권,3120025,롯데백화점(시청광장 지하쇼핑센터),11140520,소공동
D,발달상권,3120084,공릉역,11350595,공릉1동
D,발달상권,3120085,은행사거리,11350619,중계본동
D,발달상권,3120086,태릉입구역,11350595,공릉1동
D,발달상권,3120087,응암역,11380580,응암1동
D,발달상권,3120133,서울시흥동우체국(홈플러스시흥점),11545670,시흥1동
D,발달상권,3120134,구로전화국,11545630,독산3동
D,발달상권,3120135,양평역,11560610,양평1동
D,발달상권,3120026,을지로입구역,11140550,명동
D,발달상권,3120027,명동역(명동재미로),11140550,명동
D,발달상권,3120028,명동(명동거리),11140550,명동
D,발달상권,3120088,구산역,11380552,갈현2동
D,발달상권,3120089,구파발역,11380690,진관동
D,발달상권,3120090,연신내역,11380520,불광1동
D,발달상권,3120136,영등포구청역,11560550,당산1동
D,발달상권,3120081,노원역,11350640,상계2동
D,발달상권,3120082,상계백병원,11350695,상계6·7동
D,발달상권,3120083,등나무근린공원,11350625,중계2·3동
D,발달상권,3120128,신도림역,11530560,구로5동
D,발달상권,3120129,구로디지털단지,11530540,구로3동
D,발달상권,3120130,구로디지털단지역,11530540,구로3동
D,발달상권,3120131,가산디지털단지,11545510,가산동
D,발달상권,3120132,독산동,11545610,독산1동
D,발달상권,3120030,중부경찰서(영화인의거리),11140550,명동
D,발달상권,3120091,본서부병원,11380580,응암1동
D,발달상권,3120092,불광역,11380570,대조동
D,발달상권,3120093,연희동,11410615,연희동
D,발달상권,3120094,"신촌역(신촌역, 신촌로터리)",11410585,신촌동
D,발달상권,3120140,문래동주민센터,11560605,문래동
D,발달상권,3120141,영등포청과시장교차로,11560550,당산1동
D,발달상권,3120142,대림역,11560720,대림3동
D,발달상권,3120143,당산역,11560560,당산2동
D,발달상권,3120031,을지로3가역,11140605,을지로동
D,발달상권,3120032,충무로역,11140570,필동
D,발달상권,3120096,"이화여대(이대역, 이대)",11410585,신촌동
D,발달상권,3120144,영중로,11560535,영등포동
D,발달상권,3120145,영등포역(영등포),11560535,영등포동
D,발달상권,3120146,한강성심병원,11560535,영등포동
D,발달상권,3120147,보라매역,11590660,대방동
D,발달상권,3120033,을지로4가역,11140605,을지로동
D,발달상권,3120095,홍제역,11410620,홍제1동
D,발달상권,3120137,문래역(문래로데오거리),11560605,문래동
D,발달상권,3120138,당산2동(영등포우체국),11560560,당산2동
D,발달상권,3120139,대림3동사거리,11560720,대림3동
D,발달상권,3120029,을지로2가,11140550,명동
D,발달상권,3120149,여의도역(여의도),11560540,여의동
D,발달상권,3120150,63빌딩,11560540,여의동
D,발달상권,3120151,보라매공원,11590680,신대방2동
D,발달상권,3120152,신대방삼거리역,11590660,대방동
D,발달상권,3120153,노량진역(노량진),11590510,노량진1동
D,발달상권,3120036,장충동족발거리(남소영길),11140580,장충동
D,발달상권,3120037,동대문역사문화공원역,11140590,광희동
D,발달상권,3120038,약수역,11140625,다산동
D,발달상권,3120039,신당역,11140615,신당동
D,발달상권,3120040,용산전자상가(용산역),11170625,한강로동
D,발달상권,3120041,신용산역(용산역),11170625,한강로동
D,발달상권,3120208,청담사거리(청담동명품거리),11680565,청담동
D,발달상권,3120209,"강남구청(청담역_8번, 강남세무서)",11680565,청담동
D,발달상권,3120210,선릉역,11680630,대치4동
D,발달상권,3120211,도성초등학교,11680630,대치4동
D,발달상권,3120212,한티역,11680630,대치4동
D,발달상권,3120213,삼성중앙역,11680590,삼성2동
D,발달상권,3120214,영동대교남단교차로,11680565,청담동
D,발달상권,3120215,포스코사거리,11680590,삼성2동
D,발달상권,3120216,경기고교사거리(경기고교앞사거리),11680565,청담동
D,발달상권,3120217,대치사거리,11680630,대치4동
D,발달상권,3120218,코엑스,11680580,삼성1동
D,발달상권,3120219,은마아파트,11680630,대치4동
D,발달상권,3120220,대치역,11680600,대치1동
D,발달상권,3120221,봉은사역,11680580,삼성1동
D,발달상권,3120222,삼성역,11680610,대치2동
D,발달상권,3120223,휘문고교사거리,11680610,대치2동
D,발달상권,3120224,수서역,11680750,수서동
D,발달상권,3120225,잠실새내역(신천),11710650,잠실본동
D,발달상권,3120226,석촌고분역,11710600,석촌동
D,발달상권,3120227,잠실역,11710710,잠실6동
D,발달상권,3120228,석촌역(석촌호수),11710580,송파1동
D,발달상권,3120034,중구청(퇴계로4가),11140590,광희동
D,발달상권,3120035,퇴계로5가,11140590,광희동
D,발달상권,3120097,충정로역,11410565,충현동
D,발달상권,3120098,DMC(디지털미디어시티),11440740,상암동
D,발달상권,3120099,월드컵경기장역(월드컵경기장),11440730,성산2동
D,발달상권,3120148,국회의사당역(국회의사당),11560540,여의동
D,발달상권,3120232,송파나루역,11710580,송파1동
D,발달상권,3120233,몽촌토성역,11710562,방이2동
D,발달상권,3120234,가락시장역,11710620,가락본동
D,발달상권,3120235,문정역,11710642,문정2동
D,발달상권,3120236,장지역(가든파이브),11710642,문정2동
D,발달상권,3120237,경찰병원역,11710620,가락본동
D,발달상권,3120238,방이역,11710561,방이1동
D,발달상권,3120239,오금역,11710620,가락본동
D,발달상권,3120240,개롱역,11710632,가락2동
D,발달상권,3120241,거여역,11710532,거여2동
D,발달상권,3120242,강동구청역,11740640,성내1동
D,발달상권,3120246,길동역,11740685,길동
D,발달상권,3120247,굽은다리역,11740600,천호1동
D,발달상권,3120248,명일역,11740530,명일1동
D,발달상권,3120249,고덕역,11740540,명일2동
D,발달상권,3120187,신논현역,11680521,논현1동
D,발달상권,3120188,압구정역,11680510,신사동
D,발달상권,3120189,강남역,11650520,서초2동
D,발달상권,3120243,천호역,11740610,천호2동
D,발달상권,3120244,암사역,11740580,암사2동
D,발달상권,3120245,둔촌역,11740660,성내3동
D,발달상권,3120229,방이동먹자골목,11710562,방이2동
D,발달상권,3120230,송파사거리(송파역),11710600,석촌동
D,발달상권,3120231,가락시장,11710631,가락1동
D,발달상권,3120199,경복아파트교차로,11680640,역삼1동
D,발달상권,3120200,학동사거리,11680565,청담동
D,발달상권,3120201,도곡1동,11680640,역삼1동
D,발달상권,3120202,압구정로데오역(압구정로데오),11680545,압구정동
D,발달상권,3120203,강남구청역,11680531,논현2동
D,발달상권,3120204,르네상스호텔사거리,11680640,역삼1동
D,발달상권,3120205,매봉역,11680656,도곡2동
D,발달상권,3120206,개나리아파트,11680650,역삼2동
D,발달상권,3120207,선정릉역,11680590,삼성2동
D,발달상권,3120190,강남을지병원,11680545,압구정동
D,발달상권,3120191,학동역,11680521,논현1동
D,발달상권,3120192,뱅뱅사거리,11680640,역삼1동
D,발달상권,3120193,도산공원교차로,11680545,압구정동
D,발달상권,3120194,언주역(차병원),11680531,논현2동
D,발달상권,3120195,성수대교남단,11680545,압구정동
D,발달상권,3120196,서울세관,11680531,논현2동
D,발달상권,3120197,역삼역,11680640,역삼1동
D,발달상권,3120198,구역삼세무서,11680640,역삼1동
R,전통시장,3130293,봉천중앙시장,11620615,중앙동
R,전통시장,3130294,관악중부시장,11620575,행운동
R,전통시장,3130295,인헌시장(원당종합시장),11620625,인헌동
R,전통시장,3130296,남부종합시장,11650590,방배본동
R,전통시장,3130301,양재시장,11650651,양재1동
R,전통시장,3130302,강남시장(강남구 강남시장),11680510,신사동
R,전통시장,3130303,영동전통시장,11680521,논현1동
R,전통시장,3130304,신사상가,11680545,압구정동
R,전통시장,3130305,논현종합시장,11680531,논현2동
R,전통시장,3130306,강남언주로,11680640,역삼1동
R,전통시장,3130307,도곡시장,11680650,역삼2동
R,전통시장,3130308,청담삼익시장,11680565,청담동
R,전통시장,3130314,풍납시장,11710510,풍납1동
R,전통시장,3130315,문정동 로데오거리 상점가(문정동 로데오거리),11710620,가락본동
R,전통시장,3130316,마천시장,11710550,마천2동
R,전통시장,3130317,마천중앙시장,11710550,마천2동
R,전통시장,3130318,로데오거리상점가,11740610,천호2동
R,전통시장,3130319,성내전통시장,11740650,성내2동
R,전통시장,3130320,암사종합시장,11740570,암사1동
R,전통시장,3130321,장신구 특화거리 상점가,11740640,성내1동
R,전통시장,3130322,고분다리전통시장,11740620,천호3동
R,전통시장,3130323,둔촌역전통시장,11740660,성내3동
R,전통시장,3130215,대원종합시장,11500560,화곡3동
R,전통시장,3130309,은마종합상점가,11680610,대치2동
R,전통시장,3130310,강남개포시장,11680670,개포2동
R,전통시장,3130311,새마을시장,11710650,잠실본동
R,전통시장,3130312,석촌시장,11710600,석촌동
R,전통시장,3130313,방이시장,11710562,방이2동
R,전통시장,3130324,길동복조리시장,11740685,길동
R,전통시장,3130325,명일전통시장,11740530,명일1동
R,전통시장,3130326,고덕 골목형상점가,11740560,고덕2동
R,전통시장,3130327,"평화시장(남평화시장, 제일평화시장, 신평화패션타운)",11140615,신당동
R,전통시장,3130289,봉일시장,11620605,은천동
R,전통시장,3130290,영림시장,11620595,청룡동
R,전통시장,3130291,봉천제일종합시장,11620595,청룡동
R,전통시장,3130292,봉천현대시장,11620605,은천동
R,전통시장,3130131,동북프라자,11305534,삼양동
R,전통시장,3130132,삼양골목시장(삼양시장),11305534,삼양동
R,전통시장,3130133,우이골목시장(우이시장),11305625,수유2동
R,전통시장,3130134,"솔샘시장(미아6,7동골목시장)",11305575,삼각산동
R,전통시장,3130223,고척근린시장,11530730,고척2동
R,전통시장,3130224,개봉프라자(고척근린시장),11530730,고척2동
R,전통시장,3130225,개봉중앙시장,11530750,개봉2동
R,전통시장,3130226,고척프라자,11530720,고척1동
R,전통시장,3130227,고척골목시장상점가(그라운드 고척),11530720,고척1동
R,전통시장,3130228,구로시장,11530550,구로4동
R,전통시장,3130053,백학시장,11140650,신당5동
R,전통시장,3130054,황학동주방가구거리상점가,11140670,황학동
R,전통시장,3130055,"황학시장(서울중앙시장, 신중앙시장)",11140670,황학동
R,전통시장,3130056,용산용문시장,11170590,용문동
R,전통시장,3130057,만리시장,11170555,청파동
R,전통시장,3130135,수유중앙골목시장(수유중앙시장),11305635,수유3동
R,전통시장,3130136,수유재래시장,11305615,수유1동
R,전통시장,3130137,"수유전통시장(수유시장, 수유골목시장)",11305615,수유1동
R,전통시장,3130138,수유프라자,11305615,수유1동
R,전통시장,3130139,강북종합전통시장(강북종합골목시장),11305635,수유3동
R,전통시장,3130229,남구로시장,11530550,구로4동
R,전통시장,3130230,가리봉시장,11530595,가리봉동
R,전통시장,3130231,독산동 우시장,11545610,독산1동
R,전통시장,3130232,독산동 맛나는거리상점가(독산동 맛나는거리),11545640,독산4동
R,전통시장,3130058,이촌종합시장,11170630,이촌1동
R,전통시장,3130059,후암시장,11170510,후암동
R,전통시장,3130060,신흥시장,11170520,용산2가동
R,전통시장,3130061,이태원시장,11170650,이태원1동
R,전통시장,3130062,보광시장,11170700,보광동
R,전통시장,3130063,신금호역 골목형상점가,11200615,금호2·3가동
R,전통시장,3130064,금남시장,11200615,금호2·3가동
R,전통시장,3130065,무학봉상점가,11200520,왕십리2동
R,전통시장,3130216,화곡중앙시장,11500540,화곡1동
R,전통시장,3130217,화곡본동시장,11500590,화곡본동
R,전통시장,3130218,신월중앙시장,11500535,등촌3동
R,전통시장,3130219,까치산시장,11500593,화곡8동
R,전통시장,3130220,등마루시장,11500520,등촌1동
R,전통시장,3130221,"남부골목시장(남부화곡시장, 남부시장)",11500570,화곡4동
R,전통시장,3130222,오류시장,11530770,오류1동
R,전통시장,3130049,신당 미래유산 먹거리 골목형상점가,11140615,신당동
R,전통시장,3130050,청평화시장,11140615,신당동
R,전통시장,3130051,동화동 골목형상점가,11140665,동화동
R,전통시장,3130052,서울중앙시장(신중앙시장),11140670,황학동
R,전통시장,3130234,푸른터시장(기능상실),11545630,독산3동
R,전통시장,3130235,대명여울빛거리시장(대명시장),11545670,시흥1동
R,전통시장,3130236,비단길현대시장(현대시장),11545670,시흥1동
R,전통시장,3130237,박미시장(기능상실),11545690,시흥3동
R,전통시장,3130238,은행나무시장,11545710,시흥5동
R,전통시장,3130239,양남시장,11560610,양평1동
R,전통시장,3130066,행당시장상점가,11200560,행당1동
R,전통시장,3130067,왕십리도선동상점가,11200535,왕십리도선동
R,전통시장,3130144,백운시장,11320660,쌍문1동
R,전통시장,3130145,쌍문역둘리상점가,11320680,쌍문3동
R,전통시장,3130146,쌍문시장(쌍문역골목시장),11320680,쌍문3동
R,전통시장,3130147,쌍문역동측상점가,11320511,창1동
R,전통시장,3130240,영등포유통상가,11560550,당산1동
R,전통시장,3130241,선유도역 골목형상점가,11560620,양평2동
R,전통시장,3130242,대림중앙 골목형상점가,11560710,대림2동
R,전통시장,3130070,뚝섬역상점가,11200660,성수1가2동
R,전통시장,3130148,방학동도깨비시장,11320700,방학2동
R,전통시장,3130149,창동신창시장,11320512,창2동
R,전통시장,3130245,영일시장,11560605,문래동
R,전통시장,3130246,영등포청과시장(조광시장),11560550,당산1동
R,전통시장,3130243,도림시장,11560585,도림동
R,전통시장,3130244,대림중앙시장,11560710,대림2동
R,전통시장,3130068,마장축산물시장,11200540,마장동
R,전통시장,3130069,"한양대앞상점가(한양시장, 왕십리맛골목)",11200550,사근동
R,전통시장,3130140,숭인시장,11305555,송천동
R,전통시장,3130141,강북북부골목시장,11305595,번1동
R,전통시장,3130142,강북북부시장,11305595,번1동
R,전통시장,3130143,방천골목시장,11305545,송중동
R,전통시장,3130233,남문시장,11545630,독산3동
R,전통시장,3130151,신도봉시장,11320521,도봉1동
R,전통시장,3130152,오!도봉거리 상점가,11320522,도봉2동
R,전통시장,3130153,창동역상점가,11320514,창4동
R,전통시장,3130154,상계주공1단지(가)상가,11350695,상계6·7동
R,전통시장,3130274,사당1동먹자골목상점가(사당1동먹자골목),11590620,사당1동
R,전통시장,3130275,강남골목시장,11620725,조원동
R,전통시장,3130276,신림중앙시장(조원동 펭귄시장),11620725,조원동
R,전통시장,3130277,조원동 펭귄시장(신림중앙시장),11620725,조원동
R,전통시장,3130278,미성동 도깨비시장 골목형상점가,11620765,미성동
R,전통시장,3130279,관악신사시장,11620685,신사동
R,전통시장,3130280,신림종합시장,11620685,신사동
R,전통시장,3130077,조양시장,11215847,자양4동
R,전통시장,3130078,화양제일골목시장,11215710,화양동
R,전통시장,3130079,한아름시장,11215710,화양동
R,전통시장,3130080,자양종합시장(기능상실),11215830,자양2동
R,전통시장,3130081,자양골목전통시장(자양골목시장),11215820,자양1동
R,전통시장,3130082,면곡골목시장,11215760,중곡3동
R,전통시장,3130083,"중곡제일시장(중곡제일골목시장, 광성시장)",11215740,중곡1동
R,전통시장,3130155,시영B상가(중계 그린아파트 B 상가),11350625,중계2·3동
R,전통시장,3130156,시영2단지 무지개종합상가(중계 무지개2단지아파트상가),11350625,중계2·3동
R,전통시장,3130157,상계중앙시장,11350670,상계5동
R,전통시장,3130158,상계역전종합상가,11350670,상계5동
R,전통시장,3130159,공릉동 도깨비시장,11350595,공릉1동
R,전통시장,3130160,수일시장,11380650,수색동
R,전통시장,3130161,증산종합시장,11380640,증산동
R,전통시장,3130162,증산골목시장,11380640,증산동
R,전통시장,3130255,영등포전통시장,11560535,영등포동
R,전통시장,3130256,신동시장,11560650,신길3동
R,전통시장,3130257,영등포시장기계공구상가,11560535,영등포동
R,전통시장,3130258,영진시장A동,11560680,신길6동
R,전통시장,3130259,대신시장,11560630,신길1동
R,전통시장,3130260,신대방1동골목상권,11590670,신대방1동
R,전통시장,3130261,성대전통시장(성대시장),11590550,상도3동
R,전통시장,3130084,신성시장(신성골목시장),11215770,중곡4동
R,전통시장,3130085,용두시장,11230536,용신동
R,전통시장,3130086,서울약령시장,11230545,제기동
R,전통시장,3130087,경동광성상가(경동시장),11230545,제기동
R,전통시장,3130088,경동시장,11230545,제기동
R,전통시장,3130089,청량리수산시장,11230536,용신동
R,전통시장,3130090,청량리종합시장,11230545,제기동
R,전통시장,3130163,응암오거리상점가,11380600,응암3동
R,전통시장,3130164,역촌중앙시장,11380552,갈현2동
R,전통시장,3130247,우리시장,11560700,대림1동
R,전통시장,3130248,영등포역지하도상점가,11560515,영등포본동
R,전통시장,3130249,동남상가,11560535,영등포동
R,전통시장,3130250,삼구시장(로타리상가),11560535,영등포동
R,전통시장,3130253,영신상가(제일상가),11560535,영등포동
R,전통시장,3130254,남서울상가,11560535,영등포동
R,전통시장,3130071,성수역 골목형상점가,11200690,성수2가3동
R,전통시장,3130072,성동용답상가시장,11200790,용답동
R,전통시장,3130073,뚝도시장,11200670,성수2가1동
R,전통시장,3130074,영동교골목시장,11215847,자양4동
R,전통시장,3130075,노룬산시장(노룬산골목시장),11215847,자양4동
R,전통시장,3130076,능동로골목시장,11215847,자양4동
R,전통시장,3130150,창동골목시장,11320513,창3동
R,전통시장,3130269,강남시장(동작구 강남시장),11590530,상도1동
R,전통시장,3130270,흑석시장,11590605,흑석동
R,전통시장,3130271,남성역골목시장,11590650,사당4동
R,전통시장,3130272,사당시장,11590650,사당4동
R,전통시장,3130273,남성사계시장(남성시장),11590630,사당2동
R,전통시장,3130091,청량종합도매시장,11230545,제기동
R,전통시장,3130092,청량리농수산물시장,11230545,제기동
R,전통시장,3130093,동서시장,11230545,제기동
R,전통시장,3130094,청량리청과물시장,11230545,제기동
R,전통시장,3130095,청량리전통시장,11230545,제기동
R,전통시장,3130096,동부시장,11230600,답십리1동
R,전통시장,3130097,답십리 건축자재시장,11230600,답십리1동
R,전통시장,3130169,대조시장,11380570,대조동
R,전통시장,3130170,제일시장,11380570,대조동
R,전통시장,3130171,불광먹자골목 골목형상점가,11380520,불광1동
R,전통시장,3130172,모래내시장(서중시장),11410690,남가좌1동
R,전통시장,3130173,백련시장,11410700,남가좌2동
R,전통시장,3130174,연희사러가,11410615,연희동
R,전통시장,3130175,신촌 상인회(신촌상점가),11410585,신촌동
R,전통시장,3130281,우림시장,11620775,난곡동
R,전통시장,3130282,난곡 골목형상점가,11620775,난곡동
R,전통시장,3130283,신원시장,11620655,신원동
R,전통시장,3130284,관악종합시장(신원시장),11620655,신원동
R,전통시장,3130100,답십리시장,11230610,답십리2동
R,전통시장,3130101,답십리현대시장,11230610,답십리2동
R,전통시장,3130102,이문제일시장,11230750,이문2동
R,전통시장,3130176,유진상가,11410660,홍은1동
R,전통시장,3130177,인왕시장(홍제골목형상점가),11410640,홍제3동
R,전통시장,3130178,이대 앞 스타트업 상점가,11410585,신촌동
R,전통시장,3130179,"이화여대 3,5,7길 상점가",11410585,신촌동
R,전통시장,3130180,포방터시장,11410660,홍은1동
R,전통시장,3130262,상도도깨비 골목형상점가,11590540,상도2동
R,전통시장,3130263,신노량진시장(기능상실),11590520,노량진2동
R,전통시장,3130285,서원동상점가,11620645,서원동
R,전통시장,3130286,신신림시장(삼성동시장),11620745,삼성동
R,전통시장,3130287,삼성동 시장(삼성동시장),11620745,삼성동
R,전통시장,3130288,신림현대종합상가,11620665,서림동
R,전통시장,3130098,회기시장,11230710,회기동
R,전통시장,3130099,전농로터리시장,11230560,전농1동
R,전통시장,3130165,"대림골목시장(대림시장, 양지시장)",11380600,응암3동
R,전통시장,3130166,응암시장(신응암시장),11380590,응암2동
R,전통시장,3130167,연신내상점가(연빛거리),11380551,갈현1동
R,전통시장,3130168,연서시장,11380530,불광2동
R,전통시장,3130267,본동인정시장(기능상실),11590510,노량진1동
R,전통시장,3130268,상도전통시장,11590530,상도1동
R,전통시장,3130182,영천시장,11410520,천연동
R,전통시장,3130183,상암동상점가,11440740,상암동
R,전통시장,3130004,낙원시장(낙원지하시장(대일상가)),11110615,종로1·2·3·4가동
R,전통시장,3130005,세운상가가동,11110615,종로1·2·3·4가동
R,전통시장,3130007,광장시장(광장전통시장),11110615,종로1·2·3·4가동
R,전통시장,3130009,마전교지하쇼핑센터(구 한일상가),11110630,종로5·6가동
R,전통시장,3130010,종로신진시장,11110630,종로5·6가동
R,전통시장,3130011,충신시장,11110630,종로5·6가동
R,전통시장,3130012,"동대문종합시장(동대문종합시장 신관, 동대문종합시장D동상가)",11110630,종로5·6가동
R,전통시장,3130013,동대문상가A동,11110670,창신1동
R,전통시장,3130014,동문시장,11110670,창신1동
R,전통시장,3130109,묵1동도깨비시장,11260620,묵1동
R,전통시장,3130110,면목골목시장(면목시장),11260570,면목7동
R,전통시장,3130111,"동원전통종합시장(동원시장, 동원전통시장 상점가)",11260565,면목본동
R,전통시장,3130184,마포농수산물시장,11440730,성산2동
R,전통시장,3130185,망원월드컵시장,11440700,망원2동
R,전통시장,3130186,망원시장,11440690,망원1동
R,전통시장,3130187,영진시장,11440660,서교동
R,전통시장,3130188,합정시장,11440680,합정동
R,전통시장,3130189,서교시장,11440660,서교동
R,전통시장,3130015,창신골목시장,11110680,창신2동
R,전통시장,3130016,동대문상가B동,11110670,창신1동
R,전통시장,3130017,동대문상가C동,11110670,창신1동
R,전통시장,3130018,동대문문구완구거리(동대문문구완구시장),11110670,창신1동
R,전통시장,3130019,동대문상가D동,11110670,창신1동
R,전통시장,3130020,동묘시장(동묘벼룩시장),11110710,숭인2동
R,전통시장,3130112,사가정시장,11260575,면목3·8동
R,전통시장,3130113,신아타운,11260690,신내2동
R,전통시장,3130114,유영시장,11260660,망우3동
R,전통시장,3130115,우림골목시장,11260655,망우본동
R,전통시장,3130116,동성타워프라자,11260680,신내1동
R,전통시장,3130117,정릉시장,11290640,정릉3동
R,전통시장,3130190,홍대소상공인상점가,11440660,서교동
R,전통시장,3130264,상도약수골목형상점가,11590560,상도4동
R,전통시장,3130265,노량진중앙시장,11590510,노량진1동
R,전통시장,3130266,만양로상점가,11590510,노량진1동
R,전통시장,3130001,통인시장,11110515,청운효자동
R,전통시장,3130002,세종마을음식문화거리(금천교시장),11110530,사직동
R,전통시장,3130103,이경시장,11230720,휘경1동
R,전통시장,3130104,전곡시장,11230660,장안2동
R,전통시장,3130105,장미제일시장(중화동제일시장),11260610,중화2동
R,전통시장,3130106,중랑동부시장,11260520,면목2동
R,전통시장,3130107,중랑동부시장(중랑교종합상가),11260590,상봉2동
R,전통시장,3130108,태능엔터피아(태릉시장),11260610,중화2동
R,전통시장,3130181,아현가구거리상점가,11410555,북아현동
R,전통시장,3130025,삼익패션타운(남대문시장),11140540,회현동
R,전통시장,3130031,청계천공구상가,11140605,을지로동
R,전통시장,3130118,정릉골 골목형상점가,11290650,정릉4동
R,전통시장,3130119,정릉아리랑시장,11290630,정릉2동
R,전통시장,3130194,용강동 상점가,11440590,용강동
R,전통시장,3130195,도화동 상점가,11440585,도화동
R,전통시장,3130196,공덕시장,11440565,공덕동
R,전통시장,3130197,마포시장,11440565,공덕동
R,전통시장,3130198,아현시장,11440555,아현동
R,전통시장,3130199,신월3동 골목시장,11470580,신월3동
R,전통시장,3130200,"신월7동 골목시장(약수시장, 우성상가)",11470611,신월7동
R,전통시장,3130032,인현시장,11140590,광희동
R,전통시장,3130033,대림상가(청계상가),11140605,을지로동
R,전통시장,3130034,필동 골목형상점가,11140570,필동
R,전통시장,3130123,꿈의숲 장곡 골목형상점가,11290760,장위1동
R,전통시장,3130201,월정로시장,11470560,신월1동
R,전통시장,3130202,신영시장,11470560,신월1동
R,전통시장,3130203,서서울 골목형상점가,11470560,신월1동
R,전통시장,3130204,경창시장,11470570,신월2동
R,전통시장,3130205,신곡종합시장(신월6동 골목시장),11470610,신월6동
R,전통시장,3130206,신정3동 골목시장,11470640,신정3동
R,전통시장,3130207,신정1동 골목시장(신정제일시장),11470620,신정1동
R,전통시장,3130208,목동깨비시장(목3동시장),11470530,목3동
R,전통시장,3130036,중부시장(신중부시장),11140590,광희동
R,전통시장,3130038,"평화시장(통일상가, 동화상가)",11140590,광희동
R,전통시장,3130042,약수시장,11140635,약수동
R,전통시장,3130046,team204(팀204),11140615,신당동
R,전통시장,3130035,방산종합시장(방산시장),11140605,을지로동
R,전통시장,3130120,돈암시장(돈암제일시장),11290555,삼선동
R,전통시장,3130121,길음시장,11290660,길음1동
R,전통시장,3130122,밤나무골시장,11290715,월곡1동
R,전통시장,3130191,홍대 걷고싶은 거리,11440660,서교동
R,전통시장,3130192,동진시장,11440710,연남동
R,전통시장,3130193,신수시장,11440630,신수동
R,전통시장,3130021,신설종합시장,11110710,숭인2동
R,전통시장,3130022,숭례문수입상가(남대문시장),11140540,회현동
R,전통시장,3130024,남대문시장(자유상가),11140540,회현동
R,전통시장,3130212,공항시장,11500640,방화2동
R,전통시장,3130213,방신전통시장,11500630,방화1동
R,전통시장,3130214,송화벽화시장(송화골목시장),11500611,발산1동
R,전통시장,3130047,테크노상가(엘리시움),11140615,신당동
R,전통시장,3130048,동평화시장,11140615,신당동
R,전통시장,3130124,번동시장,11290780,장위3동
R,전통시장,3130125,장위전통시장,11290770,장위2동
R,전통시장,3130126,새석관시장,11290810,석관동
R,전통시장,3130127,석관시장,11290810,석관동
R,전통시장,3130128,돌곶이시장(석관황금시장),11290810,석관동
R,전통시장,3130129,장미원골목시장,11305645,우이동
R,전통시장,3130130,수유북부골목시장,11305660,인수동
R,전통시장,3130209,목사랑시장(목4동시장),11470540,목4동
R,전통시장,3130210,목2동시장,11470520,목2동
R,전통시장,3130211,신정2동 골목시장(오목교중앙시장),11470630,신정2동
U,관광특구,3001491,이태원 관광특구,11170650,이태원1동
U,관광특구,3001492,명동 남대문 북창동 다동 무교동 관광특구,11140520,소공동
U,관광특구,3001493,동대문패션타운 관광특구,11140590,광희동
U,관광특구,3001494,종로·청계 관광특구,11110615,종로1·2·3·4가동
U,관광특구,3001495,잠실 관광특구,11710562,방이2동
U,관광특구,3001496,강남 마이스 관광특구,11680580,삼성1동
